index,INSTNM,DISTANCEONLY,TUITFTE,ADM_RATE_ALL,NPT4_PUB,HIGHDEG_ Associate degree,HIGHDEG_ Bachelor&#39;s degree,HIGHDEG_ Certificate degree,HIGHDEG_ Graduate degree,HIGHDEG_ Non-degree-granting,Labels_3Clusters
0,Alabama A & M University,0.0,9063.0,0.8989,13415.0,0,0,0,1,0,0
1,University of Alabama at Birmingham,0.0,9033.0,0.8673,14805.0,0,0,0,1,0,0
3,University of Alabama in Huntsville,0.0,8322.0,0.8062,17520.0,0,0,0,1,0,0
4,Alabama State University,0.0,7813.0,0.5125,11936.0,0,0,0,1,0,0
5,The University of Alabama,0.0,12198.0,0.5655,20916.0,0,0,0,1,0,0
8,Auburn University at Montgomery,0.0,7625.0,0.8371,11915.0,0,0,0,1,0,0
9,Auburn University,0.0,13186.0,0.8274,17541.0,0,0,0,1,0,0
26,Jacksonville State University,0.0,6192.0,0.8326,16078.0,0,0,0,1,0,0
32,University of West Alabama,0.0,9161.0,0.9957,13221.0,0,0,0,1,0,0
37,University of Montevallo,0.0,7161.0,0.8729,15003.0,0,0,0,1,0,0
39,University of North Alabama,0.0,6530.0,0.8092,11476.0,0,0,0,1,0,0
50,University of South Alabama,0.0,6914.0,0.8604,13027.0,0,0,0,1,0,0
56,Troy University,0.0,8133.0,0.6821,11168.0,0,0,0,1,0,0
83,Arizona State University-Tempe,0.0,11705.0,0.7626,11480.0,0,0,0,1,0,0
85,University of Arizona,0.0,12051.0,0.7692,13617.0,0,0,0,1,0,0
111,Northern Arizona University,0.0,6697.0,0.9137,15011.0,0,0,0,1,0,0
133,University of Arkansas at Little Rock,0.0,6265.0,0.5274,10087.0,0,0,0,1,0,0
142,University of Arkansas,0.0,6624.0,0.5858,11861.0,0,0,0,1,0,0
143,University of Arkansas at Pine Bluff,0.0,2277.0,0.277,7695.0,0,0,0,1,0,0
145,Arkansas State University-Main Campus,0.0,3527.0,0.7551,9475.0,0,0,0,1,0,0
146,Arkansas Tech University,0.0,3247.0,0.8503,9128.0,0,0,0,1,0,0
151,University of Central Arkansas,0.0,4425.0,0.8997,9693.0,0,0,0,1,0,0
162,Henderson State University,0.0,2994.0,0.6221,8049.0,0,0,0,1,0,0
194,Southern Arkansas University Main Campus,0.0,3465.0,0.6081,7543.0,0,0,0,1,0,0
235,California Polytechnic State University-San Luis Obispo,0.0,7908.0,0.3123,17112.0,0,0,0,1,0,0
237,California State University-Bakersfield,0.0,3182.0,0.6626,8634.0,0,0,0,1,0,0
238,California State University-Stanislaus,0.0,4704.0,0.7215,7797.0,0,0,0,1,0,0
239,California State University-San Bernardino,0.0,5417.0,0.5831,7619.0,0,0,0,1,0,0
240,California State Polytechnic University-Pomona,0.0,4577.0,0.5218,12135.0,0,0,0,1,0,0
241,California State University-Chico,0.0,5091.0,0.7161,15184.0,0,0,0,1,0,0
242,California State University-Dominguez Hills,0.0,5563.0,0.5747,3698.0,0,0,0,1,0,0
243,California State University-Fresno,0.0,3990.0,0.5815,7093.0,0,0,0,1,0,0
244,California State University-Fullerton,0.0,6147.0,0.4579,9034.0,0,0,0,1,0,0
245,California State University-East Bay,0.0,6821.0,0.6872,12535.0,0,0,0,1,0,0
246,California State University-Long Beach,0.0,5322.0,0.3082,9699.0,0,0,0,1,0,0
247,California State University-Los Angeles,0.0,4287.0,0.6752,5431.0,0,0,0,1,0,0
248,California State University-Northridge,0.0,5994.0,0.4624,11439.0,0,0,0,1,0,0
249,California State University-Sacramento,0.0,5274.0,0.6968,10614.0,0,0,0,1,0,0
250,University of California-Berkeley,0.0,16733.0,0.18,13769.0,0,0,0,1,0,0
251,University of California-Davis,0.0,13500.0,0.4521,15054.0,0,0,0,1,0,0
252,University of California-Irvine,0.0,13713.0,0.4239,11944.0,0,0,0,1,0,0
253,University of California-Los Angeles,0.0,15123.0,0.2199,13723.0,0,0,0,1,0,0
254,University of California-Riverside,0.0,11937.0,0.62,11473.0,0,0,0,1,0,0
255,University of California-San Diego,0.0,13805.0,0.375,14421.0,0,0,0,1,0,0
257,University of California-Santa Barbara,0.0,13553.0,0.4444,14142.0,0,0,0,1,0,0
258,University of California-Santa Cruz,0.0,11066.0,0.5991,15107.0,0,0,0,1,0,0
266,California Maritime Academy,0.0,8025.0,0.748,16974.0,0,0,0,1,0,0
361,Humboldt State University,0.0,5300.0,0.8018,14715.0,0,0,0,1,0,0
499,San Diego State University,0.0,6601.0,0.3133,11724.0,0,0,0,1,0,0
503,San Francisco State University,0.0,6712.0,0.6379,14235.0,0,0,0,1,0,0
512,San Jose State University,0.0,7238.0,0.6347,13794.0,0,0,0,1,0,0
538,Sonoma State University,0.0,6880.0,0.8186,17350.0,0,0,0,1,0,0
579,Adams State University,0.0,6026.0,0.526,14676.0,0,0,0,1,0,0
584,University of Colorado Denver,0.0,12112.0,0.7587,13594.0,0,0,0,1,0,0
585,University of Colorado Colorado Springs,0.0,9413.0,0.91,13020.0,0,0,0,1,0,0
587,University of Colorado Boulder,0.0,16762.0,0.8771,21849.0,0,0,0,1,0,0
594,Colorado School of Mines,0.0,17863.0,0.3743,24980.0,0,0,0,1,0,0
596,Colorado State University-Fort Collins,0.0,12292.0,0.7743,15707.0,0,0,0,1,0,0
616,Colorado Mesa University,0.0,6199.0,0.8212,15833.0,0,0,0,1,0,0
617,Metropolitan State University of Denver,0.0,5392.0,0.7116,10586.0,0,0,0,1,0,0
624,University of Northern Colorado,0.0,9051.0,0.6957,16679.0,0,0,0,1,0,0
634,Colorado State University-Pueblo,0.0,5059.0,0.9434,13658.0,0,0,0,1,0,0
640,Western State Colorado University,0.0,7032.0,0.932,14177.0,0,0,0,1,0,0
648,Central Connecticut State University,0.0,7671.0,0.6413,15772.0,0,0,0,1,0,0
654,University of Connecticut,0.0,11188.0,0.5321,19431.0,0,0,0,1,0,0
657,Eastern Connecticut State University,0.0,6540.0,0.6453,18364.0,0,0,0,1,0,0
690,Southern Connecticut State University,0.0,8775.0,0.7542,14750.0,0,0,0,1,0,0
696,Western Connecticut State University,0.0,7356.0,0.6549,15864.0,0,0,0,1,0,0
704,Delaware State University,0.0,6458.0,0.4168,13161.0,0,0,0,1,0,0
705,University of Delaware,0.0,17724.0,0.6468,15998.0,0,0,0,1,0,0
740,University of Central Florida,0.0,5069.0,0.4894,14048.0,0,0,0,1,0,0
751,Florida Agricultural and Mechanical University,0.0,5104.0,0.45,11905.0,0,0,0,1,0,0
752,Florida Atlantic University,0.0,5301.0,0.4773,13242.0,0,0,0,1,0,0
762,Florida International University,0.0,5931.0,0.4304,12266.0,0,0,0,1,0,0
768,Florida State University,0.0,5723.0,0.5681,14691.0,0,0,0,1,0,0
771,University of Florida,0.0,7411.0,0.4655,12582.0,0,0,0,1,0,0
817,University of North Florida,0.0,4980.0,0.5343,11528.0,0,0,0,1,0,0
848,University of South Florida-Main Campus,0.0,5963.0,0.4499,10281.0,0,0,0,1,0,0
870,The University of West Florida,0.0,5712.0,0.4808,12191.0,0,0,0,1,0,0
881,Albany State University,0.0,4431.0,0.1992,13154.0,0,0,0,1,0,0
883,Armstrong Atlantic State University,0.0,4637.0,0.6998,14795.0,0,0,0,1,0,0
904,Clayton State University,0.0,4628.0,0.477,12015.0,0,0,0,1,0,0
907,Columbus State University,0.0,5949.0,0.5543,11560.0,0,0,0,1,0,0
917,Fort Valley State University,0.0,2973.0,0.3273,14220.0,0,0,0,1,0,0
919,Georgia Institute of Technology-Main Campus,0.0,12234.0,0.5493,11053.0,0,0,0,1,0,0
920,Georgia Southwestern State University,0.0,4347.0,0.6803,12247.0,0,0,0,1,0,0
921,Georgia College and State University,0.0,7701.0,0.6798,16352.0,0,0,0,1,0,0
923,Georgia Southern University,0.0,5662.0,0.52,16405.0,0,0,0,1,0,0
924,Georgia State University,0.0,7284.0,0.5466,15377.0,0,0,0,1,0,0
925,University of Georgia,0.0,10079.0,0.5608,11990.0,0,0,0,1,0,0
932,Kennesaw State University,0.0,5776.0,0.5654,15602.0,0,0,0,1,0,0
950,Savannah State University,0.0,2937.0,0.8299,10184.0,0,0,0,1,0,0
955,Southern Polytechnic State University,0.0,6239.0,0.7798,10889.0,0,0,0,1,0,0
961,Valdosta State University,0.0,5388.0,0.5522,15672.0,0,0,0,1,0,0
963,University of West Georgia,0.0,5394.0,0.5385,13514.0,0,0,0,1,0,0
967,University of Hawaii at Hilo,0.0,6601.0,0.752,9749.0,0,0,0,1,0,0
968,University of Hawaii at Manoa,0.0,9277.0,0.8009,11102.0,0,0,0,1,0,0
983,Boise State University,0.0,6355.0,0.7766,14404.0,0,0,0,1,0,0
986,University of Idaho,0.0,7622.0,0.6565,13051.0,0,0,0,1,0,0
1026,Chicago State University,0.0,8139.0,0.2865,10373.0,0,0,0,1,0,0
1046,Eastern Illinois University,0.0,7891.0,0.6191,17740.0,0,0,0,1,0,0
1064,University of Illinois at Chicago,0.0,12091.0,0.714,13545.0,0,0,0,1,0,0
1067,University of Illinois at Urbana-Champaign,0.0,13770.0,0.6239,18798.0,0,0,0,1,0,0
1074,Illinois State University,0.0,10026.0,0.6892,19761.0,0,0,0,1,0,0
1127,Northern Illinois University,0.0,7618.0,0.5613,19624.0,0,0,0,1,0,0
1130,Northeastern Illinois University,0.0,6847.0,0.5981,15952.0,0,0,0,1,0,0
1154,University of Illinois at Springfield,0.0,6839.0,0.5977,10799.0,0,0,0,1,0,0
1166,Southern Illinois University-Carbondale,0.0,9537.0,0.7887,16265.0,0,0,0,1,0,0
1167,Southern Illinois University-Edwardsville,0.0,8030.0,0.8419,16702.0,0,0,0,1,0,0
1179,Western Illinois University,0.0,7597.0,0.5931,18373.0,0,0,0,1,0,0
1185,Ball State University,0.0,7383.0,0.6054,15294.0,0,0,0,1,0,0
1209,Indiana University-Purdue University-Fort Wayne,0.0,5645.0,0.8309,14337.0,0,0,0,1,0,0
1210,Indiana University-Purdue University-Indianapolis,0.0,10524.0,0.6958,14666.0,0,0,0,1,0,0
1214,University of Southern Indiana,0.0,4864.0,0.6934,14098.0,0,0,0,1,0,0
1215,Indiana State University,0.0,5564.0,0.8306,11864.0,0,0,0,1,0,0
1216,Indiana University-Kokomo,0.0,4930.0,0.7355,10921.0,0,0,0,1,0,0
1217,Indiana University-South Bend,0.0,5333.0,0.7003,12068.0,0,0,0,1,0,0
1218,Indiana University-Bloomington,0.0,16225.0,0.7217,14174.0,0,0,0,1,0,0
1219,Indiana University-Northwest,0.0,5114.0,0.7625,13211.0,0,0,0,1,0,0
1220,Indiana University-Southeast,0.0,5156.0,0.7945,11550.0,0,0,0,1,0,0
1221,Indiana University-East,0.0,4719.0,0.5381,9011.0,0,0,0,1,0,0
1247,Purdue University-Calumet Campus,0.0,6683.0,0.6063,12007.0,0,0,0,1,0,0
1248,Purdue University-North Central Campus,0.0,4733.0,0.7218,9850.0,0,0,0,1,0,0
1302,Iowa State University,0.0,9395.0,0.8252,14336.0,0,0,0,1,0,0
1305,University of Iowa,0.0,13317.0,0.8023,14379.0,0,0,0,1,0,0
1320,University of Northern Iowa,0.0,5818.0,0.8331,15207.0,0,0,0,1,0,0
1364,Emporia State University,0.0,6666.0,0.6069,13332.0,0,0,0,1,0,0
1366,Fort Hays State University,0.0,5138.0,0.8917,11268.0,0,0,0,1,0,0
1380,University of Kansas,0.0,10498.0,0.9228,17690.0,0,0,0,1,0,0
1383,Kansas State University,0.0,9415.0,0.9591,15852.0,0,0,0,1,0,0
1397,Pittsburg State University,0.0,4634.0,0.7898,12040.0,0,0,0,1,0,0
1406,Washburn University,0.0,5262.0,0.7923,11215.0,0,0,0,1,0,0
1408,Wichita State University,0.0,5790.0,0.9576,13342.0,0,0,0,1,0,0
1428,Eastern Kentucky University,0.0,5757.0,0.6002,10496.0,0,0,0,1,0,0
1443,Kentucky State University,0.0,7858.0,0.3774,12299.0,0,0,0,1,0,0
1445,University of Kentucky,0.0,10316.0,0.6861,14333.0,0,0,0,1,0,0
1450,University of Louisville,0.0,10747.0,0.7112,13834.0,0,0,0,1,0,0
1456,Morehead State University,0.0,5386.0,0.8449,10439.0,0,0,0,1,0,0
1457,Murray State University,0.0,7185.0,0.8217,9600.0,0,0,0,1,0,0
1459,Northern Kentucky University,0.0,8624.0,0.467,8753.0,0,0,0,1,0,0
1482,Western Kentucky University,0.0,7278.0,0.9232,10470.0,0,0,0,1,0,0
1502,Grambling State University,0.0,4270.0,0.4363,14501.0,0,0,0,1,0,0
1509,Louisiana State University and Agricultural & Mechanical College,0.0,8813.0,0.7623,11610.0,0,0,0,1,0,0
1511,Louisiana State University-Shreveport,0.0,3410.0,0.8349,7436.0,0,0,0,1,0,0
1518,Louisiana Tech University,0.0,5871.0,0.6744,9283.0,0,0,0,1,0,0
1520,McNeese State University,0.0,4070.0,0.6151,8515.0,0,0,0,1,0,0
1521,University of New Orleans,0.0,7042.0,0.5036,9012.0,0,0,0,1,0,0
1522,Nicholls State University,0.0,4893.0,0.8694,9660.0,0,0,0,1,0,0
1523,University of Louisiana at Monroe,0.0,5286.0,0.7724,7568.0,0,0,0,1,0,0
1526,Northwestern State University of Louisiana,0.0,5198.0,0.84,8224.0,0,0,0,1,0,0
1541,Southeastern Louisiana University,0.0,4439.0,0.448,9493.0,0,0,0,1,0,0
1542,Southern University and A & M College,0.0,4459.0,0.359,14241.0,0,0,0,1,0,0
1543,Southern University at New Orleans,0.0,8167.0,0.4888,8474.0,0,0,0,1,0,0
1545,University of Louisiana at Lafayette,0.0,5074.0,0.593,8478.0,0,0,0,1,0,0
1563,University of Maine at Farmington,0.0,6917.0,0.837,14764.0,0,0,0,1,0,0
1566,University of Maine,0.0,9599.0,0.8106,16831.0,0,0,0,1,0,0
1567,Maine Maritime Academy,0.0,15845.0,0.6536,19687.0,0,0,0,1,0,0
1576,University of Southern Maine,0.0,9033.0,0.828,17300.0,0,0,0,1,0,0
1588,University of Baltimore,0.0,10352.0,0.7295,16780.0,0,0,0,1,0,0
1589,Bowie State University,0.0,4608.0,0.5176,12962.0,0,0,0,1,0,0
1595,Coppin State University,0.0,1347.0,0.355,10328.0,0,0,0,1,0,0
1599,Frostburg State University,0.0,4987.0,0.5945,17123.0,0,0,0,1,0,0
1615,University of Maryland-Baltimore County,0.0,8524.0,0.6315,18539.0,0,0,0,1,0,0
1616,University of Maryland-College Park,0.0,11198.0,0.4699,16299.0,0,0,0,1,0,0
1618,University of Maryland Eastern Shore,0.0,4159.0,0.5502,14511.0,0,0,0,1,0,0
1622,Morgan State University,0.0,5394.0,0.5757,14502.0,0,0,0,1,0,0
1631,Salisbury University,0.0,5967.0,0.5494,16888.0,0,0,0,1,0,0
1632,St Mary's College of Maryland,0.0,12390.0,0.7204,20616.0,0,0,0,1,0,0
1636,Towson University,0.0,6494.0,0.6034,16133.0,0,0,0,1,0,0
1668,Bridgewater State University,0.0,7711.0,0.786,17477.0,0,0,0,1,0,0
1690,Fitchburg State University,0.0,6004.0,0.7211,12849.0,0,0,0,1,0,0
1691,Framingham State University,0.0,5825.0,0.5167,17552.0,0,0,0,1,0,0
1712,University of Massachusetts-Lowell,0.0,11192.0,0.6397,16351.0,0,0,0,1,0,0
1716,University of Massachusetts-Amherst,0.0,11566.0,0.6294,19087.0,0,0,0,1,0,0
1717,University of Massachusetts-Boston,0.0,12102.0,0.7141,11741.0,0,0,0,1,0,0
1720,Massachusetts College of Art and Design,0.0,11458.0,0.6982,21058.0,0,0,0,1,0,0
1722,Massachusetts Maritime Academy,0.0,8929.0,0.7726,16546.0,0,0,0,1,0,0
1745,Massachusetts College of Liberal Arts,0.0,5558.0,0.672,14837.0,0,0,0,1,0,0
1759,Salem State University,0.0,6709.0,0.6929,15420.0,0,0,0,1,0,0
1767,University of Massachusetts-Dartmouth,0.0,9535.0,0.7213,17092.0,0,0,0,1,0,0
1775,Westfield State University,0.0,7287.0,0.7487,16558.0,0,0,0,1,0,0
1780,Worcester State University,0.0,6291.0,0.6062,14402.0,0,0,0,1,0,0
1798,Central Michigan University,0.0,9329.0,0.6304,15457.0,0,0,0,1,0,0
1814,Eastern Michigan University,0.0,9158.0,0.6398,12449.0,0,0,0,1,0,0
1815,Ferris State University,0.0,9574.0,0.759,14010.0,0,0,0,1,0,0
1824,Grand Valley State University,0.0,9810.0,0.826,16243.0,0,0,0,1,0,0
1837,Lake Superior State University,0.0,6843.0,0.9183,11522.0,0,0,0,1,0,0
1845,University of Michigan-Ann Arbor,0.0,20769.0,0.3326,16287.0,0,0,0,1,0,0
1847,Michigan State University,0.0,15767.0,0.6865,16507.0,0,0,0,1,0,0
1848,Michigan Technological University,0.0,12730.0,0.7659,14446.0,0,0,0,1,0,0
1849,University of Michigan-Dearborn,0.0,10945.0,0.6284,9800.0,0,0,0,1,0,0
1850,University of Michigan-Flint,0.0,9811.0,0.7809,12493.0,0,0,0,1,0,0
1860,Northern Michigan University,0.0,7488.0,0.7313,13028.0,0,0,0,1,0,0
1865,Oakland University,0.0,9411.0,0.66,11665.0,0,0,0,1,0,0
1873,Saginaw Valley State University,0.0,7793.0,0.7865,14049.0,0,0,0,1,0,0
1887,Wayne State University,0.0,9162.0,0.7624,12674.0,0,0,0,1,0,0
1889,Western Michigan University,0.0,10693.0,0.8285,17322.0,0,0,0,1,0,0
1900,Bemidji State University,0.0,4881.0,0.6678,13893.0,0,0,0,1,0,0
1929,Minnesota State University-Mankato,0.0,5622.0,0.6555,14161.0,0,0,0,1,0,0
1935,Metropolitan State University,0.0,4929.0,1.0,12314.0,0,0,0,1,0,0
1936,University of Minnesota-Twin Cities,0.0,11069.0,0.4455,17208.0,0,0,0,1,0,0
1944,University of Minnesota-Duluth,0.0,8284.0,0.7822,17047.0,0,0,0,1,0,0
1948,Minnesota State University-Moorhead,0.0,5136.0,0.8911,14430.0,0,0,0,1,0,0
1966,Saint Cloud State University,0.0,5008.0,0.8691,14130.0,0,0,0,1,0,0
1977,Southwest Minnesota State University,0.0,3689.0,0.6546,14519.0,0,0,0,1,0,0
1984,Winona State University,0.0,5482.0,0.6075,17408.0,0,0,0,1,0,0
1987,Alcorn State University,0.0,4029.0,0.8291,13360.0,0,0,0,1,0,0
1996,Delta State University,0.0,5429.0,0.8941,13696.0,0,0,0,1,0,0
2004,Jackson State University,0.0,5600.0,0.6464,13690.0,0,0,0,1,0,0
2009,University of Mississippi,0.0,8585.0,0.5936,13858.0,0,0,0,1,0,0
2011,Mississippi University for Women,0.0,4384.0,0.4349,9964.0,0,0,0,1,0,0
2012,Mississippi Valley State University,0.0,3148.0,0.2272,10132.0,0,0,0,1,0,0
2016,Mississippi State University,0.0,6667.0,0.6482,15983.0,0,0,0,1,0,0
2023,University of Southern Mississippi,0.0,6081.0,0.6631,12423.0,0,0,0,1,0,0
2040,University of Central Missouri,0.0,6183.0,0.8083,14903.0,0,0,0,1,0,0
2092,Missouri Southern State University,0.0,3721.0,0.9728,9437.0,0,0,0,1,0,0
2096,University of Missouri-Columbia,0.0,10084.0,0.7861,16940.0,0,0,0,1,0,0
2097,University of Missouri-Kansas City,0.0,10688.0,0.33,17606.0,0,0,0,1,0,0
2098,Missouri University of Science and Technology,0.0,10252.0,0.8215,15153.0,0,0,0,1,0,0
2099,University of Missouri-St Louis,0.0,8003.0,0.7419,13463.0,0,0,0,1,0,0
2106,Truman State University,0.0,5045.0,0.7219,12703.0,0,0,0,1,0,0
2107,Northwest Missouri State University,0.0,6076.0,0.7241,10612.0,0,0,0,1,0,0
2134,Southeast Missouri State University,0.0,7348.0,0.8546,12012.0,0,0,0,1,0,0
2135,Missouri State University-Springfield,0.0,6228.0,0.851,14817.0,0,0,0,1,0,0
2165,Montana Tech of the University of Montana,0.0,6448.0,0.8891,11619.0,0,0,0,1,0,0
2166,Montana State University,0.0,9218.0,0.8449,16236.0,0,0,0,1,0,0
2167,The University of Montana,0.0,6877.0,0.9423,12776.0,0,0,0,1,0,0
2168,Montana State University-Northern,0.0,5163.0,1.0,14641.0,0,0,0,1,0,0
2186,University of Nebraska at Kearney,0.0,4509.0,0.8486,14313.0,0,0,0,1,0,0
2193,University of Nebraska at Omaha,0.0,6147.0,0.7078,12532.0,0,0,0,1,0,0
2198,University of Nebraska-Lincoln,0.0,8653.0,0.6404,16294.0,0,0,0,1,0,0
2216,University of Nevada-Las Vegas,0.0,6600.0,0.8512,11159.0,0,0,0,1,0,0
2217,University of Nevada-Reno,0.0,7552.0,0.8396,15207.0,0,0,0,1,0,0
2240,University of New Hampshire-Main Campus,0.0,12480.0,0.7779,23861.0,0,0,0,1,0,0
2241,Keene State College,0.0,11350.0,0.8185,20768.0,0,0,0,1,0,0
2243,Plymouth State University,0.0,11139.0,0.7748,19689.0,0,0,0,1,0,0
2289,Rowan University,0.0,9614.0,0.5923,21541.0,0,0,0,1,0,0
2296,New Jersey City University,0.0,7917.0,0.4129,10966.0,0,0,0,1,0,0
2298,Kean University,0.0,8190.0,0.8037,13997.0,0,0,0,1,0,0
2305,Montclair State University,0.0,8938.0,0.6532,19960.0,0,0,0,1,0,0
2312,New Jersey Institute of Technology,0.0,9933.0,0.6547,17467.0,0,0,0,1,0,0
2322,Ramapo College of New Jersey,0.0,9261.0,0.5526,19830.0,0,0,0,1,0,0
2326,Rutgers University-Camden,0.0,11973.0,0.5796,14324.0,0,0,0,1,0,0
2327,Rutgers University-New Brunswick,0.0,11793.0,0.5796,19770.0,0,0,0,1,0,0
2328,Rutgers University-Newark,0.0,12723.0,0.5796,12762.0,0,0,0,1,0,0
2338,The Richard Stockton College of New Jersey,0.0,6960.0,0.6211,20188.0,0,0,0,1,0,0
2342,The College of New Jersey,0.0,11663.0,0.4311,21976.0,0,0,0,1,0,0
2345,William Paterson University of New Jersey,0.0,9726.0,0.6811,15927.0,0,0,0,1,0,0
2352,Eastern New Mexico University-Main Campus,0.0,3199.0,0.6321,9410.0,0,0,0,1,0,0
2359,New Mexico Institute of Mining and Technology,0.0,5159.0,0.4136,10219.0,0,0,0,1,0,0
2361,University of New Mexico-Main Campus,0.0,5090.0,0.6458,8126.0,0,0,0,1,0,0
2365,New Mexico State University-Main Campus,0.0,4016.0,0.852,10158.0,0,0,0,1,0,0
2447,CUNY Bernard M Baruch College,0.0,6305.0,0.2483,6543.0,0,0,0,1,0,0
2450,CUNY Brooklyn College,0.0,4480.0,0.3198,5775.0,0,0,0,1,0,0
2451,College of Staten Island CUNY,0.0,3881.0,0.9975,7364.0,0,0,0,1,0,0
2452,CUNY City College,0.0,4376.0,0.341,5150.0,0,0,0,1,0,0
2455,CUNY Hunter College,0.0,5913.0,0.2972,6688.0,0,0,0,1,0,0
2456,CUNY John Jay College of Criminal Justice,0.0,3994.0,0.3405,5141.0,0,0,0,1,0,0
2459,CUNY Lehman College,0.0,4011.0,0.2328,4299.0,0,0,0,1,0,0
2462,CUNY Queens College,0.0,4899.0,0.3702,5527.0,0,0,0,1,0,0
2465,CUNY York College,0.0,3308.0,0.351,5380.0,0,0,0,1,0,0
2477,Fashion Institute of Technology,0.0,7681.0,0.4484,11466.0,0,0,0,1,0,0
2628,SUNY at Albany,0.0,5818.0,0.5545,15749.0,0,0,0,1,0,0
2629,SUNY at Binghamton,0.0,6701.0,0.4287,16541.0,0,0,0,1,0,0
2630,University at Buffalo,0.0,7732.0,0.5652,15088.0,0,0,0,1,0,0
2631,Stony Brook University,0.0,7339.0,0.3948,13438.0,0,0,0,1,0,0
2632,SUNY College of Environmental Science and Forestry,0.0,4726.0,0.5052,17408.0,0,0,0,1,0,0
2633,SUNY Institute of Technology at Utica-Rome,0.0,5228.0,0.4754,13076.0,0,0,0,1,0,0
2634,SUNY College at Brockport,0.0,4792.0,0.4774,14612.0,0,0,0,1,0,0
2635,Buffalo State SUNY,0.0,3990.0,0.4853,12079.0,0,0,0,1,0,0
2636,SUNY College at Cortland,0.0,5412.0,0.4683,17996.0,0,0,0,1,0,0
2637,SUNY at Fredonia,0.0,4932.0,0.5154,16628.0,0,0,0,1,0,0
2638,SUNY College at Geneseo,0.0,5356.0,0.4566,16902.0,0,0,0,1,0,0
2639,State University of New York at New Paltz,0.0,5708.0,0.4359,15479.0,0,0,0,1,0,0
2640,SUNY Oneonta,0.0,4624.0,0.5073,16385.0,0,0,0,1,0,0
2641,SUNY College at Oswego,0.0,4850.0,0.4863,16472.0,0,0,0,1,0,0
2642,SUNY College at Potsdam,0.0,4551.0,0.6837,14117.0,0,0,0,1,0,0
2643,SUNY at Purchase College,0.0,6128.0,0.3319,17470.0,0,0,0,1,0,0
2645,SUNY College at Old Westbury,0.0,4018.0,0.5804,8598.0,0,0,0,1,0,0
2646,SUNY College at Plattsburgh,0.0,5027.0,0.4564,14906.0,0,0,0,1,0,0
2648,SUNY Empire State College,0.0,4181.0,0.8053,13675.0,0,0,0,1,0,0
2649,SUNY Maritime College,0.0,6028.0,0.6396,17815.0,0,0,0,1,0,0
2692,Appalachian State University,0.0,5790.0,0.6323,12725.0,0,0,0,1,0,0
2722,East Carolina University,0.0,6563.0,0.6217,14059.0,0,0,0,1,0,0
2724,Elizabeth City State University,0.0,3357.0,0.5715,2035.0,0,0,0,1,0,0
2728,Fayetteville State University,0.0,3202.0,0.5496,5808.0,0,0,0,1,0,0
2767,North Carolina A & T State University,0.0,5098.0,0.6964,8379.0,0,0,0,1,0,0
2768,University of North Carolina at Asheville,0.0,6151.0,0.6403,11765.0,0,0,0,1,0,0
2769,University of North Carolina at Chapel Hill,0.0,11914.0,0.2759,13322.0,0,0,0,1,0,0
2770,University of North Carolina at Charlotte,0.0,7019.0,0.6852,12268.0,0,0,0,1,0,0
2771,University of North Carolina at Greensboro,0.0,5580.0,0.6002,11010.0,0,0,0,1,0,0
2772,North Carolina Central University,0.0,4987.0,0.5033,10214.0,0,0,0,1,0,0
2773,University of North Carolina School of the Arts,0.0,11470.0,0.4521,11759.0,0,0,0,1,0,0
2774,North Carolina State University at Raleigh,0.0,7952.0,0.5001,13164.0,0,0,0,1,0,0
2776,University of North Carolina Wilmington,0.0,7096.0,0.5419,13618.0,0,0,0,1,0,0
2779,University of North Carolina at Pembroke,0.0,3693.0,0.7204,10301.0,0,0,0,1,0,0
2819,Winston-Salem State University,0.0,4135.0,0.5565,8788.0,0,0,0,1,0,0
2820,Western Carolina University,0.0,5283.0,0.3766,12380.0,0,0,0,1,0,0
2834,Minot State University,0.0,4815.0,0.5662,10584.0,0,0,0,1,0,0
2836,University of North Dakota,0.0,9376.0,0.737,16931.0,0,0,0,1,0,0
2839,North Dakota State University-Main Campus,0.0,7681.0,0.841,14404.0,0,0,0,1,0,0
2846,Valley City State University,0.0,5331.0,0.829,11664.0,0,0,0,1,0,0
2851,University of Akron Main Campus,0.0,9302.0,0.9649,17777.0,0,0,0,1,0,0
2868,Bowling Green State University-Main Campus,0.0,8604.0,0.7247,17793.0,0,0,0,1,0,0
2882,Central State University,0.0,4338.0,0.3328,11172.0,0,0,0,1,0,0
2888,University of Cincinnati-Main Campus,0.0,12384.0,0.7325,21681.0,0,0,0,1,0,0
2890,University of Cincinnati-Clermont College,0.0,5641.0,0.7325,13036.0,0,0,0,1,0,0
2891,University of Cincinnati-Blue Ash College,0.0,5779.0,0.7325,12030.0,0,0,0,1,0,0
2898,Cleveland State University,0.0,10476.0,0.6287,16750.0,0,0,0,1,0,0
2941,Kent State University at Kent,0.0,9518.0,0.8302,19249.0,0,0,0,1,0,0
2959,Miami University-Hamilton,0.0,4564.0,0.6676,13869.0,0,0,0,1,0,0
2960,Miami University-Middletown,0.0,4161.0,0.6676,14684.0,0,0,0,1,0,0
2961,Miami University-Oxford,0.0,15186.0,0.6676,24267.0,0,0,0,1,0,0
2996,Ohio State University-Main Campus,0.0,13102.0,0.5553,17866.0,0,0,0,1,0,0
3001,Ohio University-Main Campus,0.0,10625.0,0.7295,19416.0,0,0,0,1,0,0
3038,University of Toledo,0.0,10874.0,0.9073,14595.0,0,0,0,1,0,0
3074,University of Central Oklahoma,0.0,5618.0,0.8398,11232.0,0,0,0,1,0,0
3077,East Central University,0.0,4410.0,0.9814,7325.0,0,0,0,1,0,0
3087,Northeastern State University,0.0,4087.0,0.7337,6668.0,0,0,0,1,0,0
3091,Northwestern Oklahoma State University,0.0,3135.0,0.598,5842.0,0,0,0,1,0,0
3096,Oklahoma State University-Main Campus,0.0,10283.0,0.7602,14053.0,0,0,0,1,0,0
3101,University of Oklahoma-Norman Campus,0.0,10362.0,0.8044,16526.0,0,0,0,1,0,0
3114,Southeastern Oklahoma State University,0.0,4433.0,0.7992,7848.0,0,0,0,1,0,0
3116,Southwestern Oklahoma State University,0.0,3700.0,0.9026,10272.0,0,0,0,1,0,0
3140,Eastern Oregon University,0.0,4456.0,0.67,13373.0,0,0,0,1,0,0
3161,Oregon Institute of Technology,0.0,6574.0,0.7135,13809.0,0,0,0,1,0,0
3163,Oregon State University,0.0,9398.0,0.7894,17420.0,0,0,0,1,0,0
3164,University of Oregon,0.0,14391.0,0.7417,16057.0,0,0,0,1,0,0
3173,Portland State University,0.0,8128.0,0.6117,14145.0,0,0,0,1,0,0
3180,Southern Oregon University,0.0,5643.0,0.7304,13551.0,0,0,0,1,0,0
3190,Western Oregon University,0.0,5590.0,0.882,16732.0,0,0,0,1,0,0
3217,Bloomsburg University of Pennsylvania,0.0,7691.0,0.8856,18639.0,0,0,0,1,0,0
3226,California University of Pennsylvania,0.0,8093.0,0.9269,18655.0,0,0,0,1,0,0
3238,Clarion University of Pennsylvania,0.0,7400.0,0.9348,16613.0,0,0,0,1,0,0
3253,East Stroudsburg University of Pennsylvania,0.0,9230.0,0.7844,16638.0,0,0,0,1,0,0
3255,Edinboro University of Pennsylvania,0.0,5789.0,0.8735,15474.0,0,0,0,1,0,0
3292,Indiana University of Pennsylvania-Main Campus,0.0,7816.0,0.9049,19006.0,0,0,0,1,0,0
3302,Kutztown University of Pennsylvania,0.0,7387.0,0.8179,19518.0,0,0,0,1,0,0
3319,Lincoln University of Pennsylvania,0.0,10811.0,0.6133,14754.0,0,0,0,1,0,0
3320,Lock Haven University,0.0,6779.0,0.8777,15151.0,0,0,0,1,0,0
3328,Mansfield University of Pennsylvania,0.0,6264.0,0.9229,17045.0,0,0,0,1,0,0
3335,Millersville University of Pennsylvania,0.0,7466.0,0.7186,18021.0,0,0,0,1,0,0
3351,Pennsylvania State University-Penn State Erie-Behrend College,0.0,7616.0,0.6488,22461.0,0,0,0,1,0,0
3358,Pennsylvania State University-Penn State Lehigh Valley,0.0,6408.0,0.6488,13436.0,0,0,0,1,0,0
3361,Pennsylvania State University-Penn State Berks,0.0,6362.0,0.6488,20795.0,0,0,0,1,0,0
3362,Pennsylvania State University-Penn State Harrisburg,0.0,8498.0,0.6488,20547.0,0,0,0,1,0,0
3367,Pennsylvania State University-Main Campus,0.0,24891.0,0.6488,27032.0,0,0,0,1,0,0
3370,Pennsylvania State University-Penn State Abington,0.0,5393.0,0.6488,13276.0,0,0,0,1,0,0
3372,Pennsylvania State University-Penn State York,0.0,7920.0,0.6488,14717.0,0,0,0,1,0,0
3393,University of Pittsburgh-Pittsburgh Campus,0.0,16043.0,0.6088,26861.0,0,0,0,1,0,0
3423,Shippensburg University of Pennsylvania,0.0,7165.0,0.8341,17420.0,0,0,0,1,0,0
3424,Slippery Rock University of Pennsylvania,0.0,6800.0,0.6698,17647.0,0,0,0,1,0,0
3434,Temple University,0.0,18854.0,0.6387,20845.0,0,0,0,1,0,0
3453,West Chester University of Pennsylvania,0.0,8550.0,0.5156,22254.0,0,0,0,1,0,0
3475,Rhode Island College,0.0,6412.0,0.6915,9938.0,0,0,0,1,0,0
3477,University of Rhode Island,0.0,12828.0,0.7871,18179.0,0,0,0,1,0,0
3493,College of Charleston,0.0,12205.0,0.7031,15915.0,0,0,0,1,0,0
3496,Citadel Military College of South Carolina,0.0,10577.0,0.8041,17146.0,0,0,0,1,0,0
3498,Clemson University,0.0,14345.0,0.5787,12377.0,0,0,0,1,0,0
3508,Francis Marion University,0.0,5615.0,0.5667,12104.0,0,0,0,1,0,0
3514,Lander University,0.0,5591.0,0.4216,13834.0,0,0,0,1,0,0
3525,University of South Carolina-Aiken,0.0,5206.0,0.5122,11363.0,0,0,0,1,0,0
3527,University of South Carolina-Columbia,0.0,10441.0,0.6132,16523.0,0,0,0,1,0,0
3532,Coastal Carolina University,0.0,11355.0,0.7404,14511.0,0,0,0,1,0,0
3533,South Carolina State University,0.0,9292.0,0.5079,17724.0,0,0,0,1,0,0
3534,University of South Carolina-Upstate,0.0,5701.0,0.6422,13392.0,0,0,0,1,0,0
3544,Winthrop University,0.0,8375.0,0.7225,15311.0,0,0,0,1,0,0
3549,Black Hills State University,0.0,6118.0,0.8924,13407.0,0,0,0,1,0,0
3551,Dakota State University,0.0,6380.0,0.8297,14431.0,0,0,0,1,0,0
3561,Northern State University,0.0,4979.0,0.9334,14387.0,0,0,0,1,0,0
3565,South Dakota School of Mines and Technology,0.0,8097.0,0.8608,16443.0,0,0,0,1,0,0
3566,South Dakota State University,0.0,7250.0,0.919,15538.0,0,0,0,1,0,0
3573,University of South Dakota,0.0,6878.0,0.8788,15442.0,0,0,0,1,0,0
3579,Austin Peay State University,0.0,5498.0,0.8595,15478.0,0,0,0,1,0,0
3597,East Tennessee State University,0.0,6934.0,0.8649,14941.0,0,0,0,1,0,0
3629,University of Memphis,0.0,7413.0,0.6841,12258.0,0,0,0,1,0,0
3632,Middle Tennessee State University,0.0,5632.0,0.6996,9169.0,0,0,0,1,0,0
3663,The University of Tennessee-Chattanooga,0.0,4864.0,0.7757,12056.0,0,0,0,1,0,0
3664,The University of Tennessee-Knoxville,0.0,10296.0,0.7249,14162.0,0,0,0,1,0,0
3665,The University of Tennessee-Martin,0.0,4784.0,0.7668,6933.0,0,0,0,1,0,0
3669,Tennessee Technological University,0.0,4888.0,0.9316,11321.0,0,0,0,1,0,0
3688,Angelo State University,0.0,6454.0,0.8049,12716.0,0,0,0,1,0,0
3717,Texas A & M University-Corpus Christi,0.0,6678.0,0.9258,13404.0,0,0,0,1,0,0
3728,Texas A & M University-Texarkana,0.0,5426.0,0.3723,8258.0,0,0,0,1,0,0
3729,Texas A & M University-Commerce,0.0,7721.0,0.6818,10459.0,0,0,0,1,0,0
3748,University of Houston-Downtown,0.0,6072.0,0.9509,10898.0,0,0,0,1,0,0
3749,University of Houston-Victoria,0.0,5219.0,0.5102,9766.0,0,0,0,1,0,0
3750,University of Houston,0.0,9305.0,0.5841,12822.0,0,0,0,1,0,0
3763,Lamar University,0.0,6771.0,0.7682,16109.0,0,0,0,1,0,0
3768,Texas A & M International University,0.0,3700.0,0.4785,5282.0,0,0,0,1,0,0
3781,Midwestern State University,0.0,6401.0,0.7178,9996.0,0,0,0,1,0,0
3792,University of North Texas,0.0,7327.0,0.5969,10774.0,0,0,0,1,0,0
3801,The University of Texas-Pan American,0.0,3951.0,0.6217,2452.0,0,0,0,1,0,0
3806,Prairie View A & M University,0.0,5137.0,0.4232,9394.0,0,0,0,1,0,0
3815,Sam Houston State University,0.0,7143.0,0.6499,12392.0,0,0,0,1,0,0
3832,Stephen F Austin State University,0.0,5908.0,0.5687,18853.0,0,0,0,1,0,0
3833,Texas State University,0.0,6728.0,0.7508,14104.0,0,0,0,1,0,0
3836,Sul Ross State University,0.0,5807.0,0.522,11064.0,0,0,0,1,0,0
3837,Tarleton State University,0.0,5831.0,0.5682,14978.0,0,0,0,1,0,0
3845,Texas A & M University-Kingsville,0.0,5669.0,0.881,11845.0,0,0,0,1,0,0
3846,Texas A & M University-College Station,0.0,8988.0,0.6947,10912.0,0,0,0,1,0,0
3847,The University of Texas at Arlington,0.0,7034.0,0.5998,13969.0,0,0,0,1,0,0
3848,The University of Texas at Austin,0.0,10476.0,0.4019,15721.0,0,0,0,1,0,0
3849,The University of Texas at Dallas,0.0,10335.0,0.5857,11395.0,0,0,0,1,0,0
3850,The University of Texas at El Paso,0.0,4743.0,0.9981,7586.0,0,0,0,1,0,0
3851,The University of Texas at Tyler,0.0,4739.0,0.8203,12259.0,0,0,0,1,0,0
3857,The University of Texas of the Permian Basin,0.0,5242.0,0.8401,7688.0,0,0,0,1,0,0
3858,The University of Texas at San Antonio,0.0,7114.0,0.7327,11796.0,0,0,0,1,0,0
3860,Texas Southern University,0.0,6770.0,0.4503,18312.0,0,0,0,1,0,0
3861,Texas Tech University,0.0,8919.0,0.663,15403.0,0,0,0,1,0,0
3864,Texas Woman's University,0.0,5374.0,0.8603,9055.0,0,0,0,1,0,0
3879,West Texas A & M University,0.0,5769.0,0.7403,11164.0,0,0,0,1,0,0
3902,Southern Utah University,0.0,5380.0,0.5709,14336.0,0,0,0,1,0,0
3906,Utah State University,0.0,4989.0,0.9674,10954.0,0,0,0,1,0,0
3909,University of Utah,0.0,9592.0,0.8174,14114.0,0,0,0,1,0,0
3914,Castleton State College,0.0,12064.0,0.9205,16539.0,0,0,0,1,0,0
3919,Johnson State College,0.0,10824.0,0.9688,14308.0,0,0,0,1,0,0
3920,Lyndon State College,0.0,11502.0,0.9934,14059.0,0,0,0,1,0,0
3933,University of Vermont,0.0,21995.0,0.7755,14876.0,0,0,0,1,0,0
3940,College of William and Mary,0.0,16797.0,0.3321,24377.0,0,0,0,1,0,0
3944,Christopher Newport University,0.0,6688.0,0.5902,20676.0,0,0,0,1,0,0
3957,George Mason University,0.0,10801.0,0.6203,18305.0,0,0,0,1,0,0
3963,James Madison University,0.0,8595.0,0.6356,17924.0,0,0,0,1,0,0
3967,Longwood University,0.0,6371.0,0.8136,18626.0,0,0,0,1,0,0
3972,University of Mary Washington,0.0,7290.0,0.8096,17896.0,0,0,0,1,0,0
3980,Norfolk State University,0.0,4226.0,0.6499,11901.0,0,0,0,1,0,0
3982,Old Dominion University,0.0,5958.0,0.7679,14174.0,0,0,0,1,0,0
3988,Radford University,0.0,5606.0,0.7831,15651.0,0,0,0,1,0,0
4014,Virginia Polytechnic Institute and State University,0.0,11414.0,0.7028,19993.0,0,0,0,1,0,0
4016,Virginia Commonwealth University,0.0,9693.0,0.6913,18354.0,0,0,0,1,0,0
4017,University of Virginia-Main Campus,0.0,17576.0,0.2999,17149.0,0,0,0,1,0,0
4021,Virginia State University,0.0,5310.0,0.9459,13399.0,0,0,0,1,0,0
4038,Central Washington University,0.0,6413.0,0.8216,14589.0,0,0,0,1,0,0
4047,Eastern Washington University,0.0,7467.0,0.7967,12983.0,0,0,0,1,0,0
4051,The Evergreen State College,0.0,7560.0,0.9709,11903.0,0,0,0,1,0,0
4096,Washington State University,0.0,10434.0,0.8208,16834.0,0,0,0,1,0,0
4097,University of Washington-Seattle Campus,0.0,17091.0,0.5778,11904.0,0,0,0,1,0,0
4100,Western Washington University,0.0,7992.0,0.8371,16325.0,0,0,0,1,0,0
4116,Concord University,0.0,2738.0,0.457,10583.0,0,0,0,1,0,0
4118,Fairmont State University,0.0,3141.0,0.6649,8971.0,0,0,0,1,0,0
4124,Marshall University,0.0,5686.0,0.7868,8402.0,0,0,0,1,0,0
4137,Shepherd University,0.0,4759.0,0.8102,9824.0,0,0,0,1,0,0
4141,West Virginia State University,0.0,3799.0,0.4478,8505.0,0,0,0,1,0,0
4143,West Liberty University,0.0,4915.0,0.7122,11490.0,0,0,0,1,0,0
4151,West Virginia University,0.0,11359.0,0.8311,10449.0,0,0,0,1,0,0
4204,University of Wisconsin-Whitewater,0.0,6665.0,0.8468,13183.0,0,0,0,1,0,0
4208,University of Wisconsin-Eau Claire,0.0,6891.0,0.7646,14654.0,0,0,0,1,0,0
4209,University of Wisconsin-Green Bay,0.0,4942.0,0.8476,13969.0,0,0,0,1,0,0
4210,University of Wisconsin-La Crosse,0.0,6873.0,0.72,15653.0,0,0,0,1,0,0
4212,University of Wisconsin-Oshkosh,0.0,5707.0,0.8134,14119.0,0,0,0,1,0,0
4213,University of Wisconsin-Parkside,0.0,4901.0,0.7547,11038.0,0,0,0,1,0,0
4215,University of Wisconsin-Stout,0.0,5612.0,0.8927,14928.0,0,0,0,1,0,0
4216,University of Wisconsin-Superior,0.0,5673.0,0.8927,12989.0,0,0,0,1,0,0
4217,University of Wisconsin-Madison,0.0,10866.0,0.6792,18387.0,0,0,0,1,0,0
4218,University of Wisconsin-Milwaukee,0.0,8308.0,0.8608,17540.0,0,0,0,1,0,0
4219,University of Wisconsin-Platteville,0.0,6776.0,0.9647,14019.0,0,0,0,1,0,0
4220,University of Wisconsin-River Falls,0.0,6045.0,0.8663,13493.0,0,0,0,1,0,0
4221,University of Wisconsin-Stevens Point,0.0,5745.0,0.8285,13798.0,0,0,0,1,0,0
4231,University of Wyoming,0.0,4422.0,0.9569,11292.0,0,0,0,1,0,0
4255,Puerto Rico Conservatory of Music,0.0,4665.0,0.6742,7154.0,0,0,0,1,0,0
4297,University of Puerto Rico-Mayaguez,0.0,1217.0,0.725,8909.0,0,0,0,1,0,0
4300,University of Puerto Rico-Rio Piedras,0.0,1715.0,0.5248,3346.0,0,0,0,1,0,0
4312,University of the Virgin Islands,0.0,7560.0,0.9782,11730.0,0,0,0,1,0,0
4314,Purdue University-Main Campus,0.0,15256.0,0.6042,15543.0,0,0,0,1,0,0
4534,California State University-San Marcos,0.0,7628.0,0.6251,12844.0,0,0,0,1,0,0
4694,University of Washington-Bothell Campus,0.0,4068.0,0.5778,11091.0,0,0,0,1,0,0
4695,University of Washington-Tacoma Campus,0.0,4165.0,0.5778,9632.0,0,0,0,1,0,0
4890,Arizona State University-West,0.0,11624.0,0.7626,9014.0,0,0,0,1,0,0
4941,California State University-Monterey Bay,0.0,4501.0,0.444,10302.0,0,0,0,1,0,0
5153,Arizona State University-Polytechnic,0.0,12126.0,0.7626,11927.0,0,0,0,1,0,0
5308,Florida Gulf Coast University,0.0,4700.0,0.6579,14296.0,0,0,0,1,0,0
5378,University of Connecticut-Tri-Campus,0.0,2077.0,0.5321,8846.0,0,0,0,1,0,0
5379,University of Connecticut-Avery Point,0.0,6277.0,0.5321,10141.0,0,0,0,1,0,0
5380,University of Connecticut-Stamford,0.0,2653.0,0.5321,8438.0,0,0,0,1,0,0
5584,California State University-Channel Islands,0.0,5852.0,0.6443,14770.0,0,0,0,1,0,0
5779,University of California-Merced,0.0,8846.0,0.7551,11921.0,0,0,0,1,0,0
6029,University of South Florida-St Petersburg,0.0,5328.0,0.4499,12223.0,0,0,0,1,0,0
6031,Arizona State University-Downtown Phoenix,0.0,11815.0,0.7626,12403.0,0,0,0,1,0,0
7185,Pennsylvania State University-World Campus,1.0,6355.0,0.6488,18165.0,0,0,0,1,0,0
7322,Georgia Regents University,0.0,8867.0,0.4103,2898.0,0,0,0,1,0,0
7370,University of North Georgia,0.0,4149.0,0.6102,14534.0,0,0,0,1,0,0
7381,Arizona State University-Skysong,0.0,11797.0,0.7626,12823.0,0,0,0,1,0,0