index,INSTNM,DISTANCEONLY,TUITFTE,ADM_RATE_ALL,NPT4_PRIV,HIGHDEG_ Associate degree,HIGHDEG_ Bachelor&#39;s degree,HIGHDEG_ Certificate degree,HIGHDEG_ Graduate degree,HIGHDEG_ Non-degree-granting,Labels_3Clusters
13,South University-Montgomery,0.0,14726.0,0.4829,23152.0,0,0,0,1,0,1
36,University of Mobile,0.0,10339.0,0.7125,17970.0,0,0,0,1,0,1
41,Oakwood University,0.0,11909.0,0.3435,26954.0,0,0,0,1,0,1
46,Samford University,0.0,17548.0,0.7697,24093.0,0,0,0,1,0,1
51,Spring Hill College,0.0,10653.0,0.4627,18555.0,0,0,0,1,0,1
57,Tuskegee University,0.0,14071.0,0.3511,28909.0,0,0,0,1,0,1
64,Alaska Pacific University,0.0,13615.0,0.3745,30891.0,0,0,0,1,0,1
97,Embry-Riddle Aeronautical University-Prescott,0.0,35302.0,0.7814,35470.0,0,0,0,1,0,1
100,Grand Canyon University,0.0,10748.0,0.548,28309.0,0,0,0,1,0,1
120,Prescott College,0.0,14975.0,0.7293,23432.0,0,0,0,1,0,1
161,Harding University,0.0,11636.0,0.7628,23534.0,0,0,0,1,0,1
163,Hendrix College,0.0,12547.0,0.8039,22231.0,0,0,0,1,0,1
166,John Brown University,0.0,9545.0,0.6982,17550.0,0,0,0,1,0,1
214,Art Center College of Design,0.0,29955.0,0.8167,43083.0,0,0,0,1,0,1
217,Azusa Pacific University,0.0,18430.0,0.7985,28516.0,0,0,0,1,0,1
221,Bethesda University of California,0.0,5936.0,0.8321,8039.0,0,0,0,1,0,1
222,Biola University,0.0,20770.0,0.7286,32140.0,0,0,0,1,0,1
223,Brooks Institute,0.0,22284.0,0.98,29203.0,0,0,0,1,0,1
230,California Baptist University,0.0,18014.0,0.788,23137.0,0,0,0,1,0,1
231,California College of the Arts,0.0,28276.0,0.8157,30719.0,0,0,0,1,0,1
233,California Institute of Technology,0.0,15679.0,0.1055,25667.0,0,0,0,1,0,1
234,California Lutheran University,0.0,17980.0,0.4802,28107.0,0,0,0,1,0,1
236,Alliant International University,0.0,20681.0,0.4922,19768.0,0,0,0,1,0,1
265,California Institute of the Arts,0.0,28077.0,0.2992,42600.0,0,0,0,1,0,1
283,Chapman University,0.0,24444.0,0.4471,33821.0,0,0,0,1,0,1
284,Charles R Drew University of Medicine and Science,0.0,18909.0,0.8889,22741.0,0,0,0,1,0,1
285,Concordia University-Irvine,0.0,12540.0,0.9119,25416.0,0,0,0,1,0,1
286,San Diego Christian College,0.0,18089.0,0.492,25314.0,0,0,0,1,0,1
292,Claremont McKenna College,0.0,28851.0,0.1173,22957.0,0,0,0,1,0,1
297,Coleman University,0.0,10081.0,1.0,26043.0,0,0,0,1,0,1
316,Dominican University of California,0.0,21979.0,0.7752,32053.0,0,0,0,1,0,1
339,Fresno Pacific University,0.0,14221.0,0.7844,15403.0,0,0,0,1,0,1
359,Holy Names University,0.0,17424.0,0.5668,27303.0,0,0,0,1,0,1
373,American Jewish University,0.0,16960.0,0.59,39799.0,0,0,0,1,0,1
375,Life Pacific College,0.0,8619.0,0.7482,16827.0,0,0,0,1,0,1
377,University of La Verne,0.0,16881.0,0.3895,20847.0,0,0,0,1,0,1
378,Laguna College of Art and Design,0.0,16730.0,0.4327,34762.0,0,0,0,1,0,1
386,La Sierra University,0.0,26008.0,0.4677,22680.0,0,0,0,1,0,1
395,The Master's College and Seminary,0.0,12657.0,0.6137,24711.0,0,0,0,1,0,1
401,Loyola Marymount University,0.0,29076.0,0.5412,34879.0,0,0,0,1,0,1
419,Mills College,0.0,19608.0,0.6798,25539.0,0,0,0,1,0,1
431,Mount St Mary's College,0.0,21833.0,0.7409,26170.0,0,0,0,1,0,1
446,Newschool of Architecture and Design,0.0,19559.0,0.7949,35550.0,0,0,0,1,0,1
452,Notre Dame de Namur University,0.0,18965.0,0.872,26022.0,0,0,0,1,0,1
453,Occidental College,0.0,24394.0,0.4239,24392.0,0,0,0,1,0,1
457,Otis College of Art and Design,0.0,27612.0,0.4628,31146.0,0,0,0,1,0,1
459,Hope International University,0.0,11581.0,0.4681,23811.0,0,0,0,1,0,1
466,Pacific Union College,0.0,16425.0,0.5055,22809.0,0,0,0,1,0,1
467,University of the Pacific,0.0,29264.0,0.7265,30318.0,0,0,0,1,0,1
472,Pepperdine University,0.0,25896.0,0.3734,24446.0,0,0,0,1,0,1
475,Point Loma Nazarene University,0.0,18917.0,0.6654,29865.0,0,0,0,1,0,1
483,University of Redlands,0.0,17280.0,0.672,25057.0,0,0,0,1,0,1
500,University of San Diego,0.0,25057.0,0.4885,31593.0,0,0,0,1,0,1
501,San Francisco Art Institute,0.0,26288.0,0.8269,41414.0,0,0,0,1,0,1
502,San Francisco Conservatory of Music,0.0,23119.0,0.3986,28174.0,0,0,0,1,0,1
505,University of San Francisco,0.0,26745.0,0.6129,31915.0,0,0,0,1,0,1
510,William Jessup University,0.0,14067.0,0.6929,18601.0,0,0,0,1,0,1
518,Santa Clara University,0.0,19663.0,0.5122,34956.0,0,0,0,1,0,1
522,Scripps College,0.0,28151.0,0.357,26057.0,0,0,0,1,0,1
525,Shasta Bible College and Graduate School,0.0,1545.0,1.0,19193.0,0,0,0,1,0,1
531,Simpson University,0.0,12950.0,0.555,17760.0,0,0,0,1,0,1
536,Saint Mary's College of California,0.0,22829.0,0.6947,33876.0,0,0,0,1,0,1
542,Vanguard University of Southern California,0.0,15125.0,0.6977,22491.0,0,0,0,1,0,1
547,Southern California Institute of Architecture,0.0,36395.0,0.8667,38498.0,0,0,0,1,0,1
548,University of Southern California,0.0,29928.0,0.1984,28352.0,0,0,0,1,0,1
570,Westmont College,0.0,21159.0,0.7016,30074.0,0,0,0,1,0,1
571,Whittier College,0.0,25047.0,0.6325,33181.0,0,0,0,1,0,1
572,Woodbury University,0.0,21113.0,0.5575,24767.0,0,0,0,1,0,1
588,Colorado Christian University,0.0,13423.0,0.9764,23450.0,0,0,0,1,0,1
589,Colorado College,0.0,28994.0,0.2228,28404.0,0,0,0,1,0,1
607,University of Denver,0.0,25538.0,0.7673,29362.0,0,0,0,1,0,1
619,Naropa University,0.0,20723.0,0.7975,25942.0,0,0,0,1,0,1
631,Regis University,0.0,18145.0,0.6986,21046.0,0,0,0,1,0,1
641,Albertus Magnus College,0.0,12190.0,0.6821,22320.0,0,0,0,1,0,1
647,University of Bridgeport,0.0,16601.0,0.6385,22951.0,0,0,0,1,0,1
651,Connecticut College,0.0,28998.0,0.3585,31373.0,0,0,0,1,0,1
658,Fairfield University,0.0,23659.0,0.7116,35212.0,0,0,0,1,0,1
664,University of Hartford,0.0,15424.0,0.6173,29140.0,0,0,0,1,0,1
676,University of New Haven,0.0,17898.0,0.7441,30503.0,0,0,0,1,0,1
683,Post University,0.0,14224.0,0.8302,37460.0,0,0,0,1,0,1
685,Quinnipiac University,0.0,27202.0,0.6722,35159.0,0,0,0,1,0,1
686,Sacred Heart University,0.0,19498.0,0.7624,35137.0,0,0,0,1,0,1
687,University of Saint Joseph,0.0,16296.0,0.857,24868.0,0,0,0,1,0,1
693,Trinity College,0.0,29677.0,0.3178,26419.0,0,0,0,1,0,1
695,Wesleyan University,0.0,27711.0,0.2092,24520.0,0,0,0,1,0,1
698,Yale University,0.0,14701.0,0.0705,16743.0,0,0,0,1,0,1
706,Goldey-Beacom College,0.0,12871.0,0.5231,19510.0,0,0,0,1,0,1
708,Wesley College,0.0,21945.0,0.625,22422.0,0,0,0,1,0,1
710,American University,0.0,30523.0,0.4312,33437.0,0,0,0,1,0,1
711,Catholic University of America,0.0,22145.0,0.6007,34086.0,0,0,0,1,0,1
715,Gallaudet University,0.0,11093.0,0.6558,11804.0,0,0,0,1,0,1
716,George Washington University,0.0,27560.0,0.3308,30206.0,0,0,0,1,0,1
717,Georgetown University,0.0,35085.0,0.1697,27801.0,0,0,0,1,0,1
718,Howard University,0.0,17514.0,0.493,22823.0,0,0,0,1,0,1
722,Trinity Washington University,0.0,15223.0,0.5231,14421.0,0,0,0,1,0,1
728,Barry University,0.0,16547.0,0.4678,20129.0,0,0,0,1,0,1
730,Bethune-Cookman University,0.0,9477.0,0.666,17057.0,0,0,0,1,0,1
731,Lynn University,0.0,21746.0,0.776,33074.0,0,0,0,1,0,1
737,Carlos Albizu University-Miami,0.0,14876.0,0.3621,15330.0,0,0,0,1,0,1
743,Clearwater Christian College,0.0,11037.0,0.7009,17476.0,0,0,0,1,0,1
746,South University-West Palm Beach,0.0,17610.0,0.4829,24052.0,0,0,0,1,0,1
750,Embry-Riddle Aeronautical University-Daytona Beach,0.0,31382.0,0.7814,34497.0,0,0,0,1,0,1
759,Adventist University of Health Sciences,0.0,12441.0,0.1336,18901.0,0,0,0,1,0,1
760,Florida Institute of Technology,0.0,21950.0,0.6045,30624.0,0,0,0,1,0,1
764,Florida Memorial University,0.0,14254.0,0.4159,16493.0,0,0,0,1,0,1
767,Florida Southern College,0.0,15831.0,0.4989,21558.0,0,0,0,1,0,1
788,Jacksonville University,0.0,12056.0,0.4737,21216.0,0,0,0,1,0,1
790,Keiser University-Ft Lauderdale,0.0,17604.0,0.9331,22933.0,0,0,0,1,0,1
808,University of Miami,0.0,28909.0,0.4044,30394.0,0,0,0,1,0,1
818,Northwood University-Florida,0.0,13200.0,0.5093,14979.0,0,0,0,1,0,1
819,Nova Southeastern University,0.0,16935.0,0.5746,27998.0,0,0,0,1,0,1
823,Palm Beach Atlantic University,0.0,15678.0,0.8412,22152.0,0,0,0,1,0,1
835,Rollins College,0.0,19343.0,0.5889,29427.0,0,0,0,1,0,1
837,Saint Leo University,0.0,9377.0,0.7662,21193.0,0,0,0,1,0,1
845,Saint John Vianney College Seminary,0.0,18009.0,1.0,2035.0,0,0,0,1,0,1
849,St Thomas University,0.0,15717.0,0.4567,18466.0,0,0,0,1,0,1
851,Stetson University,0.0,18420.0,0.5925,21815.0,0,0,0,1,0,1
852,Southeastern University,0.0,12284.0,0.5932,18732.0,0,0,0,1,0,1
859,The University of Tampa,0.0,16142.0,0.5221,27955.0,0,0,0,1,0,1
862,Trinity Baptist College,0.0,7156.0,0.4847,11766.0,0,0,0,1,0,1
866,Warner University,0.0,4616.0,0.3378,15810.0,0,0,0,1,0,1
868,Webber International University,0.0,12442.0,0.6412,19384.0,0,0,0,1,0,1
891,Clark Atlanta University,0.0,16788.0,0.568,30575.0,0,0,0,1,0,1
896,Berry College,0.0,12900.0,0.6032,21327.0,0,0,0,1,0,1
898,Brenau University,0.0,12867.0,0.7829,15493.0,0,0,0,1,0,1
909,Covenant College,0.0,14593.0,0.5704,20141.0,0,0,0,1,0,1
912,South University-Savannah,0.0,14566.0,0.4829,24695.0,0,0,0,1,0,1
915,Emory University,0.0,22222.0,0.2633,28463.0,0,0,0,1,0,1
933,LaGrange College,0.0,13383.0,0.5837,17828.0,0,0,0,1,0,1
935,Life University,0.0,18965.0,0.7454,22479.0,0,0,0,1,0,1
938,Mercer University,0.0,15801.0,0.69,19472.0,0,0,0,1,0,1
943,Oglethorpe University,0.0,11922.0,0.5576,19721.0,0,0,0,1,0,1
945,Piedmont College,0.0,8071.0,0.6118,15989.0,0,0,0,1,0,1
947,Reinhardt University,0.0,10742.0,0.514,18562.0,0,0,0,1,0,1
949,Savannah College of Art and Design,0.0,24510.0,0.6547,35014.0,0,0,0,1,0,1
951,Shorter University,0.0,9161.0,0.6807,17121.0,0,0,0,1,0,1
957,Thomas University,0.0,9783.0,0.6863,15327.0,0,0,0,1,0,1
962,Wesleyan College,0.0,9336.0,0.4339,13232.0,0,0,0,1,0,1
966,Chaminade University of Honolulu,0.0,13775.0,0.8359,19551.0,0,0,0,1,0,1
970,Hawaii Pacific University,0.0,14333.0,0.6411,20967.0,0,0,0,1,0,1
987,The College of Idaho,0.0,10722.0,0.905,16681.0,0,0,0,1,0,1
993,Northwest Nazarene University,0.0,10827.0,0.617,19101.0,0,0,0,1,0,1
1001,School of the Art Institute of Chicago,0.0,28093.0,0.7184,38809.0,0,0,0,1,0,1
1003,Aurora University,0.0,11016.0,0.7595,17075.0,0,0,0,1,0,1
1011,Bradley University,0.0,18539.0,0.6694,24950.0,0,0,0,1,0,1
1028,University of Chicago,0.0,26409.0,0.0881,25335.0,0,0,0,1,0,1
1036,Columbia College-Chicago,0.0,19254.0,0.9053,29162.0,0,0,0,1,0,1
1037,Concordia University-Chicago,0.0,13210.0,0.5441,17881.0,0,0,0,1,0,1
1042,DePaul University,0.0,21544.0,0.5987,27040.0,0,0,0,1,0,1
1048,Elmhurst College,0.0,14793.0,0.718,19466.0,0,0,0,1,0,1
1056,Greenville College,0.0,11504.0,0.657,19125.0,0,0,0,1,0,1
1061,Hebrew Theological College,0.0,4231.0,0.9299,28686.0,0,0,0,1,0,1
1065,Benedictine University,0.0,11908.0,0.695,19778.0,0,0,0,1,0,1
1072,Illinois Institute of Technology,0.0,19094.0,0.5697,18984.0,0,0,0,1,0,1
1082,Judson University,0.0,12104.0,0.7069,21635.0,0,0,0,1,0,1
1090,Lake Forest College,0.0,15780.0,0.5727,23921.0,0,0,0,1,0,1
1095,Lewis University,0.0,15275.0,0.5587,18978.0,0,0,0,1,0,1
1097,Lincoln Christian University,0.0,13726.0,0.6875,19387.0,0,0,0,1,0,1
1101,Loyola University Chicago,0.0,22327.0,0.914,28237.0,0,0,0,1,0,1
1110,McKendree University,0.0,10561.0,0.6289,16914.0,0,0,0,1,0,1
1114,Millikin University,0.0,12527.0,0.5512,19476.0,0,0,0,1,0,1
1116,Moody Bible Institute,0.0,5731.0,0.6855,19053.0,0,0,0,1,0,1
1121,National Louis University,0.0,13963.0,0.9881,19668.0,0,0,0,1,0,1
1124,North Central College,0.0,16358.0,0.6365,21737.0,0,0,0,1,0,1
1125,North Park University,0.0,15687.0,0.5234,17575.0,0,0,0,1,0,1
1129,Northwestern University,0.0,28590.0,0.1532,28544.0,0,0,0,1,0,1
1133,Olivet Nazarene University,0.0,10798.0,0.8196,20015.0,0,0,0,1,0,1
1138,Quincy University,0.0,9165.0,0.8859,17152.0,0,0,0,1,0,1
1143,Robert Morris University Illinois,0.0,16268.0,0.21,20497.0,0,0,0,1,0,1
1146,Rockford University,0.0,13521.0,0.4097,22544.0,0,0,0,1,0,1
1147,Roosevelt University,0.0,19952.0,0.7878,26177.0,0,0,0,1,0,1
1148,Dominican University,0.0,14554.0,0.5997,13902.0,0,0,0,1,0,1
1151,University of St Francis,0.0,15719.0,0.5141,17873.0,0,0,0,1,0,1
1153,Saint Xavier University,0.0,12927.0,0.5054,16238.0,0,0,0,1,0,1
1173,Trinity International University-Illinois,0.0,11132.0,0.9372,19694.0,0,0,0,1,0,1
1176,VanderCook College of Music,0.0,14973.0,0.374,25677.0,0,0,0,1,0,1
1180,Wheaton College,0.0,18657.0,0.6871,23858.0,0,0,0,1,0,1
1183,Anderson University,0.0,12680.0,0.5545,22654.0,0,0,0,1,0,1
1186,Bethel College-Indiana,0.0,13453.0,0.7158,17730.0,0,0,0,1,0,1
1187,Butler University,0.0,19522.0,0.661,29103.0,0,0,0,1,0,1
1188,Calumet College of Saint Joseph,0.0,14657.0,0.4,11517.0,0,0,0,1,0,1
1196,Earlham College,0.0,14943.0,0.637,19414.0,0,0,0,1,0,1
1197,University of Evansville,0.0,13500.0,0.8409,20396.0,0,0,0,1,0,1
1199,Goshen College,0.0,14115.0,0.5506,19001.0,0,0,0,1,0,1
1200,Grace College and Theological Seminary,0.0,8046.0,0.7884,15799.0,0,0,0,1,0,1
1207,Huntington University,0.0,10779.0,0.9732,19192.0,0,0,0,1,0,1
1212,University of Indianapolis,0.0,13724.0,0.8443,22293.0,0,0,0,1,0,1
1213,Indiana Institute of Technology,0.0,6358.0,0.7225,21940.0,0,0,0,1,0,1
1226,ITT Technical Institute-Indianapolis,0.0,17881.0,0.8388,23589.0,0,0,0,1,0,1
1234,Manchester University,0.0,10893.0,0.7116,20151.0,0,0,0,1,0,1
1235,Marian University,0.0,13214.0,0.5795,19459.0,0,0,0,1,0,1
1236,Indiana Wesleyan University,0.0,10115.0,0.9515,25340.0,0,0,0,1,0,1
1244,University of Notre Dame,0.0,21742.0,0.223,27845.0,0,0,0,1,0,1
1245,Oakland City University,0.0,10681.0,0.7285,15629.0,0,0,0,1,0,1
1251,Rose-Hulman Institute of Technology,0.0,22285.0,0.5622,33087.0,0,0,0,1,0,1
1253,University of Saint Francis-Fort Wayne,0.0,14943.0,0.5362,16809.0,0,0,0,1,0,1
1254,Saint Josephs College,0.0,6332.0,0.6419,25255.0,0,0,0,1,0,1
1255,Saint Mary-of-the-Woods College,0.0,12258.0,0.9754,16466.0,0,0,0,1,0,1
1260,Taylor University,0.0,16421.0,0.876,19696.0,0,0,0,1,0,1
1261,Trine University,0.0,10936.0,0.711,21183.0,0,0,0,1,0,1
1262,Valparaiso University,0.0,17416.0,0.7969,19952.0,0,0,0,1,0,1
1266,Allen College,0.0,16347.0,0.5,24065.0,0,0,0,1,0,1
1269,Buena Vista University,0.0,11004.0,0.6955,18964.0,0,0,0,1,0,1
1274,Clarke University,0.0,15322.0,0.7752,22398.0,0,0,0,1,0,1
1275,Coe College,0.0,12732.0,0.6171,20822.0,0,0,0,1,0,1
1280,Dordt College,0.0,14324.0,0.7542,22615.0,0,0,0,1,0,1
1281,Drake University,0.0,18444.0,0.6595,26045.0,0,0,0,1,0,1
1282,University of Dubuque,0.0,18183.0,0.7742,19474.0,0,0,0,1,0,1
1286,Faith Baptist Bible College and Theological Seminary,0.0,9772.0,0.6693,16040.0,0,0,0,1,0,1
1288,Graceland University-Lamoni,0.0,10433.0,0.5018,15767.0,0,0,0,1,0,1
1289,Grand View University,0.0,13494.0,0.9542,18229.0,0,0,0,1,0,1
1311,Loras College,0.0,12625.0,0.6903,19175.0,0,0,0,1,0,1
1313,Maharishi University of Management,0.0,8993.0,0.4189,16555.0,0,0,0,1,0,1
1316,Morningside College,0.0,10189.0,0.5337,18682.0,0,0,0,1,0,1
1317,Mount Mercy University,0.0,14864.0,0.6845,20540.0,0,0,0,1,0,1
1326,Palmer College of Chiropractic-Davenport,0.0,24074.0,0.6,21199.0,0,0,0,1,0,1
1328,Saint Ambrose University,0.0,15956.0,0.9617,22920.0,0,0,0,1,0,1
1332,Simpson College,0.0,11958.0,0.8802,20163.0,0,0,0,1,0,1
1338,Upper Iowa University,0.0,8892.0,0.5818,17602.0,0,0,0,1,0,1
1344,William Penn University,0.0,8602.0,0.5766,18068.0,0,0,0,1,0,1
1346,Baker University,0.0,11156.0,0.869,18100.0,0,0,0,1,0,1
1348,Benedictine College,0.0,10786.0,0.6057,21353.0,0,0,0,1,0,1
1367,Barclay College,0.0,15136.0,0.5285,20860.0,0,0,0,1,0,1
1368,Friends University,0.0,13821.0,0.5862,18479.0,0,0,0,1,0,1
1381,Newman University,0.0,8221.0,0.4472,17331.0,0,0,0,1,0,1
1384,Kansas Wesleyan University,0.0,11677.0,0.537,20847.0,0,0,0,1,0,1
1391,MidAmerica Nazarene University,0.0,9283.0,0.7223,18980.0,0,0,0,1,0,1
1395,Ottawa University-Ottawa,0.0,9954.0,0.9888,17748.0,0,0,0,1,0,1
1399,University of Saint Mary,0.0,12320.0,0.4707,15886.0,0,0,0,1,0,1
1403,Southwestern College,0.0,10933.0,0.8968,21201.0,0,0,0,1,0,1
1405,Tabor College,0.0,9629.0,0.735,21885.0,0,0,0,1,0,1
1411,Asbury University,0.0,13545.0,0.6573,24126.0,0,0,0,1,0,1
1415,Bellarmine University,0.0,15144.0,0.9478,23487.0,0,0,0,1,0,1
1419,Brescia University,0.0,11572.0,0.45,12172.0,0,0,0,1,0,1
1420,Campbellsville University,0.0,8816.0,0.6844,13483.0,0,0,0,1,0,1
1427,University of the Cumberlands,0.0,8642.0,0.7127,17011.0,0,0,0,1,0,1
1431,Georgetown College,0.0,12252.0,0.8219,18638.0,0,0,0,1,0,1
1446,Kentucky Christian University,0.0,8501.0,0.5136,19616.0,0,0,0,1,0,1
1455,Midway College,0.0,11621.0,0.5381,19290.0,0,0,0,1,0,1
1464,University of Pikeville,0.0,15184.0,1.0,15084.0,0,0,0,1,0,1
1475,Spalding University,0.0,14240.0,0.8108,17370.0,0,0,0,1,0,1
1478,Thomas More College,0.0,12622.0,0.8775,18889.0,0,0,0,1,0,1
1481,Union College,0.0,10953.0,0.7416,17564.0,0,0,0,1,0,1
1492,Centenary College of Louisiana,0.0,11348.0,0.6597,18296.0,0,0,0,1,0,1
1516,Louisiana College,0.0,8282.0,0.7423,11611.0,0,0,0,1,0,1
1519,Loyola University New Orleans,0.0,17610.0,0.8707,21546.0,0,0,0,1,0,1
1527,Our Lady of Holy Cross College,0.0,10544.0,0.4847,12151.0,0,0,0,1,0,1
1528,Our Lady of the Lake College,0.0,10679.0,0.6615,15756.0,0,0,0,1,0,1
1547,Tulane University of Louisiana,0.0,23061.0,0.2643,32220.0,0,0,0,1,0,1
1548,Xavier University of Louisiana,0.0,15391.0,0.5443,19119.0,0,0,0,1,0,1
1551,College of the Atlantic,0.0,35983.0,0.7367,21972.0,0,0,0,1,0,1
1559,Husson University,0.0,14005.0,0.7989,17640.0,0,0,0,1,0,1
1569,University of New England,0.0,19167.0,0.8584,29631.0,0,0,0,1,0,1
1572,Maine College of Art,0.0,17503.0,0.9625,29009.0,0,0,0,1,0,1
1573,Saint Joseph's College of Maine,0.0,12041.0,0.7778,26575.0,0,0,0,1,0,1
1577,Thomas College,0.0,10550.0,0.7244,18621.0,0,0,0,1,0,1
1590,Capitol College,0.0,17039.0,0.5903,19406.0,0,0,0,1,0,1
1594,Washington Adventist University,0.0,10471.0,0.3271,16853.0,0,0,0,1,0,1
1601,Goucher College,0.0,17686.0,0.7173,24246.0,0,0,0,1,0,1
1605,Hood College,0.0,14552.0,0.8102,23479.0,0,0,0,1,0,1
1608,Johns Hopkins University,0.0,22665.0,0.1813,26596.0,0,0,0,1,0,1
1611,Loyola University Maryland,0.0,24840.0,0.58,36046.0,0,0,0,1,0,1
1617,Maryland Institute College of Art,0.0,26289.0,0.5803,35607.0,0,0,0,1,0,1
1623,Mount St Mary's University,0.0,15815.0,0.6741,26589.0,0,0,0,1,0,1
1624,Ner Israel Rabbinical College,0.0,517.0,0.8154,8675.0,0,0,0,1,0,1
1626,Notre Dame of Maryland University,0.0,16526.0,0.4964,20579.0,0,0,0,1,0,1
1634,St John's College,0.0,21066.0,0.8099,29270.0,0,0,0,1,0,1
1639,Stevenson University,0.0,13905.0,0.5959,25021.0,0,0,0,1,0,1
1640,Washington College,0.0,20826.0,0.6655,30255.0,0,0,0,1,0,1
1641,McDaniel College,0.0,13869.0,0.7587,20675.0,0,0,0,1,0,1
1645,American International College,0.0,10357.0,0.6779,19155.0,0,0,0,1,0,1
1648,Anna Maria College,0.0,15245.0,0.7756,24684.0,0,0,0,1,0,1
1650,Assumption College,0.0,13288.0,0.7422,25663.0,0,0,0,1,0,1
1651,Babson College,0.0,33742.0,0.2821,28057.0,0,0,0,1,0,1
1654,Bay Path College,0.0,14058.0,0.576,20836.0,0,0,0,1,0,1
1658,Bentley University,0.0,24563.0,0.4379,29886.0,0,0,0,1,0,1
1664,Boston College,0.0,27441.0,0.3222,33070.0,0,0,0,1,0,1
1665,The Boston Conservatory,0.0,48657.0,0.3645,43952.0,0,0,0,1,0,1
1666,Boston University,0.0,27235.0,0.4561,34603.0,0,0,0,1,0,1
1667,Brandeis University,0.0,19017.0,0.3704,29578.0,0,0,0,1,0,1
1676,Clark University,0.0,16720.0,0.6154,23415.0,0,0,0,1,0,1
1678,Curry College,0.0,20075.0,0.6692,30561.0,0,0,0,1,0,1
1683,Eastern Nazarene College,0.0,11697.0,0.5579,18191.0,0,0,0,1,0,1
1684,Emerson College,0.0,23651.0,0.4798,36378.0,0,0,0,1,0,1
1685,Emmanuel College,0.0,16682.0,0.6049,30731.0,0,0,0,1,0,1
1686,Endicott College,0.0,14258.0,0.7165,31810.0,0,0,0,1,0,1
1693,Gordon College,0.0,17958.0,0.4133,26144.0,0,0,0,1,0,1
1698,Harvard University,0.0,27867.0,0.0584,14049.0,0,0,0,1,0,1
1708,Lasell College,0.0,17406.0,0.7614,25316.0,0,0,0,1,0,1
1710,Lesley University,0.0,18063.0,0.6749,32534.0,0,0,0,1,0,1
1719,MCPHS University,0.0,29378.0,0.8921,34345.0,0,0,0,1,0,1
1721,Massachusetts Institute of Technology,0.0,28012.0,0.0815,21816.0,0,0,0,1,0,1
1727,Merrimack College,0.0,17601.0,0.786,29063.0,0,0,0,1,0,1
1731,Mount Holyoke College,0.0,17242.0,0.4681,28118.0,0,0,0,1,0,1
1732,Mount Ida College,0.0,16453.0,0.6065,27772.0,0,0,0,1,0,1
1735,School of the Museum of Fine Arts-Boston,0.0,23883.0,0.7681,39079.0,0,0,0,1,0,1
1738,The New England Conservatory of Music,0.0,28315.0,0.2777,35849.0,0,0,0,1,0,1
1744,Nichols College,0.0,14317.0,0.8047,26673.0,0,0,0,1,0,1
1749,Northeastern University,0.0,24465.0,0.3231,31503.0,0,0,0,1,0,1
1751,College of Our Lady of the Elms,0.0,11375.0,0.7492,19996.0,0,0,0,1,0,1
1752,Pine Manor College,0.0,11893.0,0.6411,13735.0,0,0,0,1,0,1
1756,Regis College,0.0,17595.0,0.7243,37829.0,0,0,0,1,0,1
1761,Simmons College,0.0,18588.0,0.4897,29085.0,0,0,0,1,0,1
1763,Smith College,0.0,20413.0,0.4308,24603.0,0,0,0,1,0,1
1765,Springfield College,0.0,15822.0,0.6992,27674.0,0,0,0,1,0,1
1769,Suffolk University,0.0,24014.0,0.825,27507.0,0,0,0,1,0,1
1771,Tufts University,0.0,28845.0,0.1884,29271.0,0,0,0,1,0,1
1773,Wentworth Institute of Technology,0.0,15666.0,0.5761,31201.0,0,0,0,1,0,1
1774,Western New England University,0.0,19352.0,0.8151,28517.0,0,0,0,1,0,1
1777,Wheelock College,0.0,16294.0,0.7318,29283.0,0,0,0,1,0,1
1778,Williams College,0.0,26201.0,0.1702,20935.0,0,0,0,1,0,1
1779,Worcester Polytechnic Institute,0.0,30793.0,0.5159,35483.0,0,0,0,1,0,1
1787,Andrews University,0.0,14877.0,0.3751,20386.0,0,0,0,1,0,1
1788,Aquinas College,0.0,11154.0,0.7135,11609.0,0,0,0,1,0,1
1794,Calvin College,0.0,15962.0,0.6975,23876.0,0,0,0,1,0,1
1801,Cleary University,0.0,13682.0,0.7263,11516.0,0,0,0,1,0,1
1804,College for Creative Studies,0.0,22452.0,0.486,33808.0,0,0,0,1,0,1
1805,Davenport University,0.0,15507.0,0.917,17421.0,0,0,0,1,0,1
1811,University of Detroit Mercy,0.0,23050.0,0.6147,24680.0,0,0,0,1,0,1
1818,Kettering University,0.0,20318.0,0.6159,30683.0,0,0,0,1,0,1
1821,Cornerstone University,0.0,11308.0,0.6807,18702.0,0,0,0,1,0,1
1839,Lawrence Technological University,0.0,19336.0,0.4365,25658.0,0,0,0,1,0,1
1842,Madonna University,0.0,11624.0,0.6125,12324.0,0,0,0,1,0,1
1843,Marygrove College,0.0,8747.0,0.9378,12896.0,0,0,0,1,0,1
1844,Rochester College,0.0,11665.0,0.6567,16570.0,0,0,0,1,0,1
1863,Northwood University-Michigan,0.0,11712.0,0.5093,15372.0,0,0,0,1,0,1
1866,Olivet College,0.0,12367.0,0.5148,18341.0,0,0,0,1,0,1
1868,Kuyper College,0.0,12964.0,0.6842,16586.0,0,0,0,1,0,1
1875,Siena Heights University,0.0,9187.0,0.6765,17275.0,0,0,0,1,0,1
1879,Spring Arbor University,0.0,10534.0,0.6505,16368.0,0,0,0,1,0,1
1897,Augsburg College,0.0,16275.0,0.6086,21006.0,0,0,0,1,0,1
1902,Bethel University,0.0,16210.0,0.9485,24845.0,0,0,0,1,0,1
1906,Concordia College at Moorhead,0.0,16087.0,0.7998,20401.0,0,0,0,1,0,1
1907,Concordia University-Saint Paul,0.0,10307.0,0.5239,18138.0,0,0,0,1,0,1
1909,Martin Luther College,0.0,11021.0,0.9617,16304.0,0,0,0,1,0,1
1917,Hamline University,0.0,15625.0,0.6557,20500.0,0,0,0,1,0,1
1939,Minneapolis College of Art and Design,0.0,19293.0,0.5895,24619.0,0,0,0,1,0,1
1956,University of Northwestern-St Paul,0.0,14276.0,0.6915,22501.0,0,0,0,1,0,1
1967,Saint Johns University,0.0,18464.0,0.7516,22866.0,0,0,0,1,0,1
1968,Saint Mary's University of Minnesota,0.0,10078.0,0.7485,19844.0,0,0,0,1,0,1
1970,Crown College,0.0,11569.0,0.55,18890.0,0,0,0,1,0,1
1971,The College of Saint Scholastica,0.0,13630.0,0.7265,20926.0,0,0,0,1,0,1
1972,University of St Thomas,0.0,18396.0,0.8617,31482.0,0,0,0,1,0,1
1974,St Catherine University,0.0,16287.0,0.6089,23259.0,0,0,0,1,0,1
1988,Belhaven University,0.0,8025.0,0.4842,22258.0,0,0,0,1,0,1
1989,Blue Mountain College,0.0,5521.0,0.5573,8247.0,0,0,0,1,0,1
2007,Millsaps College,0.0,11691.0,0.4745,23321.0,0,0,0,1,0,1
2013,Mississippi College,0.0,11945.0,0.673,15708.0,0,0,0,1,0,1
2027,William Carey University,0.0,11251.0,0.4877,15487.0,0,0,0,1,0,1
2031,Avila University,0.0,12257.0,0.6108,18816.0,0,0,0,1,0,1
2035,Cox College,0.0,16550.0,0.8975,19046.0,0,0,0,1,0,1
2036,Calvary Bible College and Theological Seminary,0.0,5486.0,0.8696,14948.0,0,0,0,1,0,1
2052,Drury University,0.0,10071.0,0.8095,23726.0,0,0,0,1,0,1
2057,Evangel University,0.0,10369.0,0.6425,20787.0,0,0,0,1,0,1
2058,Fontbonne University,0.0,15202.0,0.6524,13953.0,0,0,0,1,0,1
2062,Hannibal-LaGrange University,0.0,8563.0,0.6814,14894.0,0,0,0,1,0,1
2076,Lindenwood University,0.0,11833.0,0.6629,21538.0,0,0,0,1,0,1
2081,Maryville University of Saint Louis,0.0,13159.0,0.7611,23113.0,0,0,0,1,0,1
2085,Midwestern Baptist Theological Seminary,0.0,4168.0,0.6774,17454.0,0,0,0,1,0,1
2088,Missouri Baptist University,0.0,9212.0,0.6095,16402.0,0,0,0,1,0,1
2094,Missouri Valley College,0.0,6158.0,0.2218,16103.0,0,0,0,1,0,1
2110,Park University,0.0,8042.0,0.9638,12335.0,0,0,0,1,0,1
2115,Rockhurst University,0.0,14635.0,0.7543,23101.0,0,0,0,1,0,1
2118,Saint Louis University,0.0,19299.0,0.6443,31781.0,0,0,0,1,0,1
2127,Southwest Baptist University,0.0,8741.0,0.9022,17344.0,0,0,0,1,0,1
2133,Stephens College,0.0,11884.0,0.6756,23175.0,0,0,0,1,0,1
2141,Washington University in St Louis,0.0,23619.0,0.1555,33484.0,0,0,0,1,0,1
2142,Webster University,0.0,15070.0,0.5806,21057.0,0,0,0,1,0,1
2146,William Woods University,0.0,9847.0,0.7514,21728.0,0,0,0,1,0,1
2160,University of Great Falls,0.0,10466.0,0.7272,17188.0,0,0,0,1,0,1
2169,Rocky Mountain College,0.0,11160.0,0.6683,17119.0,0,0,0,1,0,1
2174,Clarkson College,0.0,11683.0,0.6056,17882.0,0,0,0,1,0,1
2175,Bryan College of Health Sciences,0.0,14365.0,0.7167,22833.0,0,0,0,1,0,1
2179,Concordia University-Nebraska,0.0,9932.0,0.7152,18638.0,0,0,0,1,0,1
2180,Creighton University,0.0,23306.0,0.7665,26521.0,0,0,0,1,0,1
2182,Grace University,0.0,8357.0,0.5846,14098.0,0,0,0,1,0,1
2183,Hastings College,0.0,9873.0,0.7364,20716.0,0,0,0,1,0,1
2188,Nebraska Methodist College of Nursing & Allied Health,0.0,13052.0,0.3333,17996.0,0,0,0,1,0,1
2191,Midland University,0.0,10948.0,0.6832,20956.0,0,0,0,1,0,1
2197,Nebraska Wesleyan University,0.0,12109.0,0.7689,22204.0,0,0,0,1,0,1
2201,College of Saint Mary,0.0,14802.0,0.5701,18804.0,0,0,0,1,0,1
2203,Union College,0.0,16236.0,0.5229,19029.0,0,0,0,1,0,1
2226,Daniel Webster College,0.0,13033.0,0.5992,25468.0,0,0,0,1,0,1
2227,Dartmouth College,0.0,28107.0,0.0978,29597.0,0,0,0,1,0,1
2230,Franklin Pierce University,0.0,12942.0,0.8472,24266.0,0,0,0,1,0,1
2236,New England College,0.0,11615.0,0.8997,28458.0,0,0,0,1,0,1
2238,Southern New Hampshire University,0.0,10913.0,0.7866,28889.0,0,0,0,1,0,1
2252,Rivier University,0.0,14282.0,0.8928,25052.0,0,0,0,1,0,1
2263,Bloomfield College,0.0,18053.0,0.5464,20718.0,0,0,0,1,0,1
2266,Caldwell College,0.0,16805.0,0.6408,18595.0,0,0,0,1,0,1
2268,Centenary College,0.0,15624.0,0.9094,25419.0,0,0,0,1,0,1
2279,Drew University,0.0,17816.0,0.7743,27652.0,0,0,0,1,0,1
2284,Fairleigh Dickinson University-Metropolitan Campus,0.0,17362.0,0.7519,17947.0,0,0,0,1,0,1
2285,Felician College,0.0,20665.0,0.8819,20424.0,0,0,0,1,0,1
2286,Fairleigh Dickinson University-College at Florham,0.0,27238.0,0.7519,24510.0,0,0,0,1,0,1
2288,Georgian Court University,0.0,18180.0,0.779,17836.0,0,0,0,1,0,1
2304,Monmouth University,0.0,20140.0,0.7791,27649.0,0,0,0,1,0,1
2320,Princeton University,0.0,13049.0,0.0741,8413.0,0,0,0,1,0,1
2324,Rider University,0.0,20883.0,0.7187,28210.0,0,0,0,1,0,1
2331,Saint Peter's University,0.0,17043.0,0.5408,15289.0,0,0,0,1,0,1
2333,Seton Hall University,0.0,22466.0,0.7916,26651.0,0,0,0,1,0,1
2335,College of Saint Elizabeth,0.0,18246.0,0.4836,17276.0,0,0,0,1,0,1
2337,Stevens Institute of Technology,0.0,28317.0,0.3816,30808.0,0,0,0,1,0,1
2370,Santa Fe University of Art and Design,0.0,8615.0,0.9975,19944.0,0,0,0,1,0,1
2378,Vaughn College of Aeronautics and Technology,0.0,14328.0,0.7706,18087.0,0,0,0,1,0,1
2379,Adelphi University,0.0,20803.0,0.6814,32781.0,0,0,0,1,0,1
2383,Albany College of Pharmacy and Health Sciences,0.0,24032.0,0.634,29630.0,0,0,0,1,0,1
2386,Alfred University,0.0,8747.0,0.698,19567.0,0,0,0,1,0,1
2398,Bard College,0.0,17331.0,0.3761,27556.0,0,0,0,1,0,1
2419,Canisius College,0.0,15382.0,0.7251,19289.0,0,0,0,1,0,1
2424,Central Yeshiva Tomchei Tmimim Lubavitz,0.0,6524.0,1.0,16809.0,0,0,0,1,0,1
2428,Clarkson University,0.0,13925.0,0.6403,25431.0,0,0,0,1,0,1
2432,Colgate University,0.0,29302.0,0.2638,17711.0,0,0,0,1,0,1
2433,Metropolitan College of New York,0.0,15586.0,0.5487,18604.0,0,0,0,1,0,1
2434,Columbia University in the City of New York,0.0,31924.0,0.0742,22672.0,0,0,0,1,0,1
2437,Concordia College-New York,0.0,16503.0,0.6701,16822.0,0,0,0,1,0,1
2441,Cooper Union for the Advancement of Science and Art,0.0,3605.0,0.0774,15870.0,0,0,0,1,0,1
2442,Cornell University,0.0,24114.0,0.1556,26484.0,0,0,0,1,0,1
2467,D'Youville College,0.0,16950.0,0.7908,18288.0,0,0,0,1,0,1
2468,Daemen College,0.0,12522.0,0.4864,15944.0,0,0,0,1,0,1
2470,Dominican College of Blauvelt,0.0,17452.0,0.7189,21453.0,0,0,0,1,0,1
2471,Dowling College,0.0,19060.0,0.7828,23713.0,0,0,0,1,0,1
2475,Elmira College,0.0,15061.0,0.7978,22787.0,0,0,0,1,0,1
2479,Five Towns College,0.0,12274.0,0.5509,29740.0,0,0,0,1,0,1
2480,Fordham University,0.0,25968.0,0.4713,33446.0,0,0,0,1,0,1
2490,Hilbert College,0.0,13971.0,0.8127,14597.0,0,0,0,1,0,1
2491,Hobart William Smith Colleges,0.0,23464.0,0.4944,30720.0,0,0,0,1,0,1
2492,Hofstra University,0.0,25982.0,0.5871,30844.0,0,0,0,1,0,1
2493,Houghton College,0.0,14223.0,0.9108,20165.0,0,0,0,1,0,1
2498,Iona College,0.0,19064.0,0.9212,27754.0,0,0,0,1,0,1
2501,Ithaca College,0.0,21206.0,0.666,31958.0,0,0,0,1,0,1
2505,Jewish Theological Seminary of America,0.0,5068.0,0.5505,7059.0,0,0,0,1,0,1
2506,The Juilliard School,0.0,20003.0,0.0734,28537.0,0,0,0,1,0,1
2509,Keuka College,0.0,13846.0,0.8778,25830.0,0,0,0,1,0,1
2510,LIM College,0.0,23919.0,0.7502,34300.0,0,0,0,1,0,1
2511,Le Moyne College,0.0,15271.0,0.619,22351.0,0,0,0,1,0,1
2512,LIU Brooklyn,0.0,23038.0,0.837,23778.0,0,0,0,1,0,1
2513,LIU Post,0.0,20243.0,0.837,25613.0,0,0,0,1,0,1
2520,Manhattan College,0.0,19807.0,0.6617,25584.0,0,0,0,1,0,1
2521,Manhattan School of Music,0.0,29908.0,0.3431,37813.0,0,0,0,1,0,1
2522,Manhattanville College,0.0,16566.0,0.7674,22836.0,0,0,0,1,0,1
2525,Marist College,0.0,20576.0,0.3745,32831.0,0,0,0,1,0,1
2528,Medaille College,0.0,14138.0,0.5429,13084.0,0,0,0,1,0,1
2531,Mercy College,0.0,15611.0,0.5724,15121.0,0,0,0,1,0,1
2532,Mesivta Torah Vodaath Rabbinical Seminary,0.0,1248.0,0.9167,11656.0,0,0,0,1,0,1
2534,Mesivtha Tifereth Jerusalem of America,0.0,8603.0,0.8,7900.0,0,0,0,1,0,1
2541,Molloy College,0.0,20700.0,0.7267,22986.0,0,0,0,1,0,1
2542,Monroe College,0.0,10607.0,0.4404,11116.0,0,0,0,1,0,1
2544,Mount Saint Mary College,0.0,16976.0,0.86,25120.0,0,0,0,1,0,1
2545,College of Mount Saint Vincent,0.0,17983.0,0.731,19647.0,0,0,0,1,0,1
2548,Nazareth College,0.0,18654.0,0.6839,25936.0,0,0,0,1,0,1
2550,The College of New Rochelle,0.0,12484.0,0.5695,32670.0,0,0,0,1,0,1
2551,The New School,0.0,25271.0,0.6659,35811.0,0,0,0,1,0,1
2559,New York University,0.0,31648.0,0.2881,37971.0,0,0,0,1,0,1
2561,Niagara University,0.0,13010.0,0.6633,17437.0,0,0,0,1,0,1
2565,New York Institute of Technology,0.0,28199.0,0.7407,22441.0,0,0,0,1,0,1
2566,New York School of Interior Design,0.0,28158.0,0.4675,29690.0,0,0,0,1,0,1
2567,Nyack College,0.0,13307.0,0.9671,18654.0,0,0,0,1,0,1
2572,Pace University-New York,0.0,20091.0,0.7683,24961.0,0,0,0,1,0,1
2576,Polytechnic Institute of New York University,0.0,23445.0,0.2881,26141.0,0,0,0,1,0,1
2578,Pratt Institute-Main,0.0,27862.0,0.5572,38225.0,0,0,0,1,0,1
2580,Rabbinical Academy Mesivta Rabbi Chaim Berlin,0.0,3766.0,1.0,5675.0,0,0,0,1,0,1
2587,Rensselaer Polytechnic Institute,0.0,26147.0,0.412,32986.0,0,0,0,1,0,1
2589,Roberts Wesleyan College,0.0,15256.0,0.726,18228.0,0,0,0,1,0,1
2591,Rochester Institute of Technology,0.0,19189.0,0.6016,25155.0,0,0,0,1,0,1
2592,University of Rochester,0.0,21174.0,0.3568,26608.0,0,0,0,1,0,1
2595,The Sage Colleges,0.0,11716.0,0.5664,17586.0,0,0,0,1,0,1
2597,St Bonaventure University,0.0,14460.0,0.7999,22634.0,0,0,0,1,0,1
2598,St Francis College,0.0,12946.0,0.6433,12102.0,0,0,0,1,0,1
2600,St Lawrence University,0.0,23366.0,0.4643,25301.0,0,0,0,1,0,1
2601,The College of Saint Rose,0.0,15181.0,0.7751,23854.0,0,0,0,1,0,1
2602,St Thomas Aquinas College,0.0,17913.0,0.8224,21910.0,0,0,0,1,0,1
2604,Sarah Lawrence College,0.0,25314.0,0.6166,37534.0,0,0,0,1,0,1
2607,Siena College,0.0,16661.0,0.6805,27070.0,0,0,0,1,0,1
2609,Skidmore College,0.0,30105.0,0.3505,25448.0,0,0,0,1,0,1
2610,Saint Joseph's College-New York,0.0,14615.0,0.7538,14011.0,0,0,0,1,0,1
2615,Saint John Fisher College,0.0,16702.0,0.6277,23162.0,0,0,0,1,0,1
2618,St John's University-New York,0.0,21499.0,0.5316,29113.0,0,0,0,1,0,1
2652,Syracuse University,0.0,21538.0,0.4949,28912.0,0,0,0,1,0,1
2654,Talmudical Institute of Upstate New York,0.0,25015.0,1.0,6322.0,0,0,0,1,0,1
2659,Touro College,0.0,13157.0,0.5866,13646.0,0,0,0,1,0,1
2668,Utica College,0.0,15638.0,0.8542,22383.0,0,0,0,1,0,1
2672,School of Visual Arts,0.0,30808.0,0.7489,40455.0,0,0,0,1,0,1
2673,Wagner College,0.0,22283.0,0.6988,27666.0,0,0,0,1,0,1
2682,Yeshivat Mikdash Melech,0.0,5753.0,1.0,1172.0,0,0,0,1,0,1
2683,Yeshiva Derech Chaim,0.0,3672.0,1.0,7441.0,0,0,0,1,0,1
2686,Yeshiva University,0.0,22428.0,0.8216,23352.0,0,0,0,1,0,1
2687,Yeshivath Viznitz,0.0,4401.0,1.0,5237.0,0,0,0,1,0,1
2688,Yeshivath Zichron Moshe,0.0,4805.0,1.0,8617.0,0,0,0,1,0,1
2694,Barton College,0.0,14382.0,0.4177,21148.0,0,0,0,1,0,1
2705,Campbell University,0.0,10521.0,0.6983,22703.0,0,0,0,1,0,1
2709,Catawba College,0.0,17950.0,0.4058,27115.0,0,0,0,1,0,1
2714,Chowan University,0.0,11818.0,0.6154,17979.0,0,0,0,1,0,1
2720,Duke University,0.0,23668.0,0.1342,28058.0,0,0,0,1,0,1
2725,Elon University,0.0,24332.0,0.5398,31898.0,0,0,0,1,0,1
2730,Gardner-Webb University,0.0,9951.0,0.4817,21403.0,0,0,0,1,0,1
2732,Greensboro College,0.0,12774.0,0.7831,19637.0,0,0,0,1,0,1
2738,High Point University,0.0,22114.0,0.6418,33943.0,0,0,0,1,0,1
2741,Laurel University,0.0,4260.0,0.3904,14521.0,0,0,0,1,0,1
2746,Lenoir-Rhyne University,0.0,11750.0,0.6806,19017.0,0,0,0,1,0,1
2750,Mars Hill University,0.0,9187.0,0.6447,16626.0,0,0,0,1,0,1
2755,Meredith College,0.0,18352.0,0.6232,22275.0,0,0,0,1,0,1
2756,Methodist University,0.0,13883.0,0.6122,24462.0,0,0,0,1,0,1
2763,Montreat College,0.0,8906.0,0.5429,18096.0,0,0,0,1,0,1
2780,Pfeiffer University,0.0,11155.0,0.9609,20967.0,0,0,0,1,0,1
2781,Piedmont International University,0.0,6493.0,0.4884,16134.0,0,0,0,1,0,1
2784,Queens University of Charlotte,0.0,14098.0,0.7686,23166.0,0,0,0,1,0,1
2793,Salem College,0.0,7802.0,0.582,15895.0,0,0,0,1,0,1
2796,Shaw University,0.0,12726.0,0.5449,18849.0,0,0,0,1,0,1
2808,Wake Forest University,0.0,28474.0,0.352,34139.0,0,0,0,1,0,1
2810,Warren Wilson College,0.0,14540.0,0.696,22791.0,0,0,0,1,0,1
2816,Wingate University,0.0,12360.0,0.793,15566.0,0,0,0,1,0,1
2827,University of Jamestown,0.0,7800.0,0.5689,15555.0,0,0,0,1,0,1
2831,University of Mary,0.0,13334.0,0.8307,15029.0,0,0,0,1,0,1
2857,Art Academy of Cincinnati,0.0,24802.0,0.2548,18933.0,0,0,0,1,0,1
2859,Ashland University,0.0,11903.0,0.7438,23352.0,0,0,0,1,0,1
2863,Baldwin Wallace University,0.0,15293.0,0.6396,19046.0,0,0,0,1,0,1
2865,Bluffton University,0.0,10693.0,0.5308,21353.0,0,0,0,1,0,1
2873,Capital University,0.0,14903.0,0.7604,22271.0,0,0,0,1,0,1
2878,Case Western Reserve University,0.0,23269.0,0.4188,25341.0,0,0,0,1,0,1
2879,Cedarville University,0.0,15386.0,0.7401,22130.0,0,0,0,1,0,1
2886,Cincinnati Christian University,0.0,9940.0,0.6398,17226.0,0,0,0,1,0,1
2892,Ohio Christian University,0.0,9752.0,0.9711,27215.0,0,0,0,1,0,1
2897,Cleveland Institute of Music,0.0,25912.0,0.5475,34410.0,0,0,0,1,0,1
2901,Columbus College of Art and Design,0.0,30173.0,0.8551,22233.0,0,0,0,1,0,1
2906,University of Dayton,0.0,18266.0,0.5297,30720.0,0,0,0,1,0,1
2907,Defiance College,0.0,12865.0,0.716,22815.0,0,0,0,1,0,1
2914,The University of Findlay,0.0,14741.0,0.6832,21178.0,0,0,0,1,0,1
2924,Hiram College,0.0,14846.0,0.5736,22008.0,0,0,0,1,0,1
2932,John Carroll University,0.0,12625.0,0.8334,22444.0,0,0,0,1,0,1
2944,Kettering College,0.0,12284.0,0.8514,17483.0,0,0,0,1,0,1
2945,Lake Erie College,0.0,10917.0,0.5561,19596.0,0,0,0,1,0,1
2952,Lourdes University,0.0,14831.0,0.6932,18035.0,0,0,0,1,0,1
2953,Malone University,0.0,11480.0,0.7179,15963.0,0,0,0,1,0,1
2954,Marietta College,0.0,16223.0,0.6387,22473.0,0,0,0,1,0,1
2965,Mount Carmel College of Nursing,0.0,12131.0,0.5421,22871.0,0,0,0,1,0,1
2966,University of Mount Union,0.0,13695.0,0.712,24821.0,0,0,0,1,0,1
2967,Mount Vernon Nazarene University,0.0,12936.0,0.6349,20242.0,0,0,0,1,0,1
2968,College of Mount St Joseph,0.0,15013.0,0.8755,16365.0,0,0,0,1,0,1
2970,Muskingum University,0.0,10871.0,0.7596,16663.0,0,0,0,1,0,1
2978,Notre Dame College,0.0,12208.0,0.9024,18114.0,0,0,0,1,0,1
2981,Oberlin College,0.0,27465.0,0.3041,29002.0,0,0,0,1,0,1
2984,Ohio Dominican University,0.0,12100.0,0.494,20828.0,0,0,0,1,0,1
2986,Ohio Northern University,0.0,17109.0,0.6785,23160.0,0,0,0,1,0,1
3006,Otterbein University,0.0,15523.0,0.7374,24850.0,0,0,0,1,0,1
3014,Rabbinical College Telshe,0.0,6472.0,0.875,5840.0,0,0,0,1,0,1
3032,Franciscan University of Steubenville,0.0,14149.0,0.7607,25089.0,0,0,0,1,0,1
3037,Tiffin University,0.0,6222.0,0.3856,25502.0,0,0,0,1,0,1
3049,Ursuline College,0.0,16468.0,0.5782,14902.0,0,0,0,1,0,1
3052,Walsh University,0.0,12937.0,0.7713,18878.0,0,0,0,1,0,1
3055,Wilberforce University,0.0,10111.0,0.5834,16008.0,0,0,0,1,0,1
3056,Wilmington College,0.0,11265.0,0.4603,21589.0,0,0,0,1,0,1
3062,Xavier University,0.0,16524.0,0.6997,28007.0,0,0,0,1,0,1
3067,Oklahoma Wesleyan University,0.0,12207.0,0.4934,21260.0,0,0,0,1,0,1
3082,Hillsdale Free Will Baptist College,0.0,9394.0,0.4331,16711.0,0,0,0,1,0,1
3093,Oklahoma Christian University,0.0,8890.0,0.6321,18731.0,0,0,0,1,0,1
3098,Oklahoma Baptist University,0.0,9145.0,0.5646,15474.0,0,0,0,1,0,1
3100,Oklahoma City University,0.0,16651.0,0.7198,25681.0,0,0,0,1,0,1
3104,Oral Roberts University,0.0,11083.0,0.4354,21258.0,0,0,0,1,0,1
3109,Saint Gregory's University,0.0,10045.0,0.9468,14791.0,0,0,0,1,0,1
3115,Southwestern Christian University,0.0,14390.0,0.884,20151.0,0,0,0,1,0,1
3119,University of Tulsa,0.0,19693.0,0.4059,25702.0,0,0,0,1,0,1
3137,Concordia University-Portland,0.0,13342.0,0.5592,19866.0,0,0,0,1,0,1
3143,George Fox University,0.0,15258.0,0.7528,24402.0,0,0,0,1,0,1
3147,Lewis & Clark College,0.0,23450.0,0.6285,32636.0,0,0,0,1,0,1
3151,Marylhurst University,0.0,18361.0,0.3889,31095.0,0,0,0,1,0,1
3154,Mount Angel Seminary,0.0,26789.0,1.0,26367.0,0,0,0,1,0,1
3156,Multnomah University,0.0,11396.0,0.538,24434.0,0,0,0,1,0,1
3159,Northwest Christian University,0.0,9587.0,0.7044,19254.0,0,0,0,1,0,1
3162,Oregon College of Art and Craft,0.0,24587.0,0.3053,24952.0,0,0,0,1,0,1
3165,Pacific Northwest College of Art,0.0,18166.0,0.6474,28758.0,0,0,0,1,0,1
3166,Pacific University,0.0,23540.0,0.8619,27742.0,0,0,0,1,0,1
3174,University of Portland,0.0,19068.0,0.668,29052.0,0,0,0,1,0,1
3175,Reed College,0.0,26827.0,0.4853,25487.0,0,0,0,1,0,1
3184,Warner Pacific College,0.0,15929.0,0.5274,21798.0,0,0,0,1,0,1
3185,Corban University,0.0,14565.0,0.3225,20591.0,0,0,0,1,0,1
3189,Willamette University,0.0,21725.0,0.5784,30312.0,0,0,0,1,0,1
3195,Bryn Athyn College of the New Church,0.0,7331.0,0.5177,13167.0,0,0,0,1,0,1
3197,Albright College,0.0,14776.0,0.6231,22542.0,0,0,0,1,0,1
3202,DeSales University,0.0,15389.0,0.758,27080.0,0,0,0,1,0,1
3204,Alvernia University,0.0,16643.0,0.7762,26227.0,0,0,0,1,0,1
3212,Baptist Bible College & Seminary of Pennsylvania,0.0,10008.0,0.8576,17883.0,0,0,0,1,0,1
3214,Arcadia University,0.0,16331.0,0.5969,24572.0,0,0,0,1,0,1
3219,Bryn Mawr College,0.0,23516.0,0.3992,27386.0,0,0,0,1,0,1
3220,Bucknell University,0.0,30266.0,0.2951,33419.0,0,0,0,1,0,1
3225,Cabrini College,0.0,13361.0,0.7428,24277.0,0,0,0,1,0,1
3229,Carlow University,0.0,15874.0,0.9522,18616.0,0,0,0,1,0,1
3230,Carnegie Mellon University,0.0,27890.0,0.2549,33386.0,0,0,0,1,0,1
3231,Cedar Crest College,0.0,16566.0,0.588,19156.0,0,0,0,1,0,1
3233,Chatham University,0.0,16732.0,0.6077,21032.0,0,0,0,1,0,1
3234,Chestnut Hill College,0.0,14874.0,0.5785,23085.0,0,0,0,1,0,1
3242,Curtis Institute of Music,0.0,3788.0,0.0484,2584.0,0,0,0,1,0,1
3245,Delaware Valley College,0.0,16920.0,0.6834,25640.0,0,0,0,1,0,1
3249,Drexel University,0.0,23329.0,0.815,33742.0,0,0,0,1,0,1
3252,Duquesne University,0.0,19958.0,0.7409,26577.0,0,0,0,1,0,1
3254,Eastern University,0.0,12413.0,0.6409,22462.0,0,0,0,1,0,1
3256,Elizabethtown College,0.0,20211.0,0.6957,26207.0,0,0,0,1,0,1
3276,Gannon University,0.0,14875.0,0.8042,20333.0,0,0,0,1,0,1
3277,Geneva College,0.0,12654.0,0.6802,20378.0,0,0,0,1,0,1
3283,Gwynedd Mercy University,0.0,15429.0,0.6591,23673.0,0,0,0,1,0,1
3288,Holy Family University,0.0,16634.0,0.7585,15323.0,0,0,0,1,0,1
3291,Immaculata University,0.0,11628.0,0.7964,29018.0,0,0,0,1,0,1
3297,Juniata College,0.0,17357.0,0.7409,24614.0,0,0,0,1,0,1
3298,Keystone College,0.0,10472.0,0.7205,14554.0,0,0,0,1,0,1
3300,King's College,0.0,15650.0,0.7151,24541.0,0,0,0,1,0,1
3303,La Roche College,0.0,15204.0,0.5565,17708.0,0,0,0,1,0,1
3304,La Salle University,0.0,16930.0,0.8021,23787.0,0,0,0,1,0,1
3307,Lancaster Bible College,0.0,12076.0,0.5813,18616.0,0,0,0,1,0,1
3312,Lebanon Valley College,0.0,17637.0,0.6686,27239.0,0,0,0,1,0,1
3315,Lehigh University,0.0,25245.0,0.3084,29418.0,0,0,0,1,0,1
3329,Marywood University,0.0,16335.0,0.713,22197.0,0,0,0,1,0,1
3332,Mercyhurst University,0.0,12726.0,0.7536,20478.0,0,0,0,1,0,1
3333,Messiah College,0.0,16857.0,0.659,24947.0,0,0,0,1,0,1
3336,Misericordia University,0.0,15841.0,0.6489,24452.0,0,0,0,1,0,1
3338,Moore College of Art and Design,0.0,23067.0,0.5632,29464.0,0,0,0,1,0,1
3339,Moravian College,0.0,17279.0,0.7995,24730.0,0,0,0,1,0,1
3340,Mount Aloysius College,0.0,14007.0,0.6876,19648.0,0,0,0,1,0,1
3343,Neumann University,0.0,18159.0,0.5531,26156.0,0,0,0,1,0,1
3378,Pennsylvania Academy of the Fine Arts,0.0,19049.0,0.8406,28679.0,0,0,0,1,0,1
3383,University of Pennsylvania,0.0,36792.0,0.1224,22948.0,0,0,0,1,0,1
3384,Philadelphia University,0.0,19202.0,0.6408,25669.0,0,0,0,1,0,1
3385,The University of the Arts,0.0,20199.0,0.7539,32749.0,0,0,0,1,0,1
3386,Cairn University-Langhorne,0.0,10853.0,0.5131,18276.0,0,0,0,1,0,1
3388,University of the Sciences,0.0,22447.0,0.5635,25883.0,0,0,0,1,0,1
3401,Point Park University,0.0,17100.0,0.7393,20486.0,0,0,0,1,0,1
3410,Robert Morris University,0.0,16370.0,0.8051,21819.0,0,0,0,1,0,1
3412,Rosemont College,0.0,14759.0,0.5838,22571.0,0,0,0,1,0,1
3413,Saint Francis University,0.0,13397.0,0.7606,22593.0,0,0,0,1,0,1
3414,Saint Joseph's University,0.0,23462.0,0.7873,32823.0,0,0,0,1,0,1
3415,Saint Vincent College,0.0,12554.0,0.6875,20325.0,0,0,0,1,0,1
3418,University of Scranton,0.0,19604.0,0.7503,32228.0,0,0,0,1,0,1
3419,Seton Hill University,0.0,14168.0,0.652,21582.0,0,0,0,1,0,1
3425,Saint Charles Borromeo Seminary-Overbrook,0.0,16344.0,0.8571,32965.0,0,0,0,1,0,1
3444,Valley Forge Christian College,0.0,13075.0,0.6585,21929.0,0,0,0,1,0,1
3447,Villanova University,0.0,26055.0,0.489,33371.0,0,0,0,1,0,1
3451,Waynesburg University,0.0,11867.0,0.7523,16783.0,0,0,0,1,0,1
3456,Westminster College,0.0,12438.0,0.7336,21586.0,0,0,0,1,0,1
3459,Widener University-Main Campus,0.0,21499.0,0.6726,27387.0,0,0,0,1,0,1
3460,Wilkes University,0.0,14551.0,0.7598,24660.0,0,0,0,1,0,1
3461,Wilson College,0.0,11650.0,0.5267,25720.0,0,0,0,1,0,1
3463,York College Pennsylvania,0.0,13678.0,0.7351,21226.0,0,0,0,1,0,1
3467,Brown University,0.0,29320.0,0.0918,25005.0,0,0,0,1,0,1
3468,Bryant University,0.0,22197.0,0.7655,32984.0,0,0,0,1,0,1
3469,Johnson & Wales University-Providence,0.0,13758.0,0.7079,25802.0,0,0,0,1,0,1
3474,Providence College,0.0,23856.0,0.5979,34841.0,0,0,0,1,0,1
3478,Rhode Island School of Design,0.0,33690.0,0.2731,40306.0,0,0,0,1,0,1
3479,Roger Williams University,0.0,20792.0,0.8098,33838.0,0,0,0,1,0,1
3480,Salve Regina University,0.0,18737.0,0.6706,30670.0,0,0,0,1,0,1
3486,Anderson University,0.0,12282.0,0.6502,18344.0,0,0,0,1,0,1
3487,Charleston Southern University,0.0,11674.0,0.6887,17197.0,0,0,0,1,0,1
3490,Bob Jones University,0.0,10434.0,0.8241,16814.0,0,0,0,1,0,1
3491,Southern Wesleyan University,0.0,12008.0,0.937,17796.0,0,0,0,1,0,1
3497,Claflin University,0.0,9889.0,0.526,16578.0,0,0,0,1,0,1
3501,Columbia International University,0.0,10047.0,0.6258,15405.0,0,0,0,1,0,1
3502,Columbia College,0.0,12071.0,0.6499,16360.0,0,0,0,1,0,1
3503,Converse College,0.0,8005.0,0.5201,18764.0,0,0,0,1,0,1
3505,Erskine College,0.0,10220.0,0.6973,18387.0,0,0,0,1,0,1
3509,Furman University,0.0,22453.0,0.6397,25347.0,0,0,0,1,0,1
3521,North Greenville University,0.0,6361.0,0.5791,15138.0,0,0,0,1,0,1
3547,Augustana College,0.0,13044.0,0.6809,18621.0,0,0,0,1,0,1
3552,Dakota Wesleyan University,0.0,10120.0,0.7023,16484.0,0,0,0,1,0,1
3557,Mount Marty College,0.0,9944.0,0.7239,31175.0,0,0,0,1,0,1
3568,University of Sioux Falls,0.0,10899.0,0.969,19372.0,0,0,0,1,0,1
3581,Belmont University,0.0,21777.0,0.7987,32120.0,0,0,0,1,0,1
3582,Bethel University,0.0,8975.0,0.5103,17459.0,0,0,0,1,0,1
3583,Bryan College-Dayton,0.0,8672.0,0.3762,14928.0,0,0,0,1,0,1
3584,Carson-Newman University,0.0,11866.0,0.6657,14549.0,0,0,0,1,0,1
3586,Christian Brothers University,0.0,12545.0,0.4745,6336.0,0,0,0,1,0,1
3592,Cumberland University,0.0,9749.0,0.473,16593.0,0,0,0,1,0,1
3593,Lipscomb University,0.0,17769.0,0.527,21797.0,0,0,0,1,0,1
3602,Fisk University,0.0,11470.0,0.3968,20875.0,0,0,0,1,0,1
3604,Freed-Hardeman University,0.0,10867.0,0.9203,18905.0,0,0,0,1,0,1
3612,Johnson University,0.0,7453.0,0.5464,13351.0,0,0,0,1,0,1
3614,King University,0.0,9244.0,0.6377,15532.0,0,0,0,1,0,1
3619,Lee University,0.0,9563.0,0.9165,13104.0,0,0,0,1,0,1
3620,Lincoln Memorial University,0.0,13098.0,0.6995,9095.0,0,0,0,1,0,1
3627,Memphis College of Art,0.0,15765.0,0.3978,20870.0,0,0,0,1,0,1
3634,Milligan College,0.0,13827.0,0.683,16772.0,0,0,0,1,0,1
3646,Rhodes College,0.0,18208.0,0.5764,24751.0,0,0,0,1,0,1
3652,Sewanee-The University of the South,0.0,21020.0,0.6027,19102.0,0,0,0,1,0,1
3660,Southern Adventist University,0.0,14698.0,0.3826,18668.0,0,0,0,1,0,1
3670,Tennessee Temple University,0.0,7629.0,0.7843,15003.0,0,0,0,1,0,1
3671,Trevecca Nazarene University,0.0,12553.0,0.772,16904.0,0,0,0,1,0,1
3673,Tusculum College,0.0,9276.0,0.7225,18222.0,0,0,0,1,0,1
3674,Union University,0.0,11059.0,0.7412,21779.0,0,0,0,1,0,1
3676,Vanderbilt University,0.0,22796.0,0.1274,17340.0,0,0,0,1,0,1
3682,Abilene Christian University,0.0,14418.0,0.4894,24106.0,0,0,0,1,0,1
3692,Austin College,0.0,17273.0,0.5861,24019.0,0,0,0,1,0,1
3700,Baylor University,0.0,19090.0,0.5747,32333.0,0,0,0,1,0,1
3714,Concordia University-Texas,0.0,12791.0,0.4685,23257.0,0,0,0,1,0,1
3720,Dallas Baptist University,0.0,14692.0,0.423,21360.0,0,0,0,1,0,1
3721,Dallas Christian College,0.0,11221.0,0.5516,18630.0,0,0,0,1,0,1
3724,University of Dallas,0.0,15224.0,0.9011,25158.0,0,0,0,1,0,1
3727,East Texas Baptist University,0.0,12202.0,0.7362,17932.0,0,0,0,1,0,1
3736,South University-The Art Institute of Dallas,0.0,15210.0,0.4829,26846.0,0,0,0,1,0,1
3742,Hardin-Simmons University,0.0,11836.0,0.3759,21071.0,0,0,0,1,0,1
3745,Houston Baptist University,0.0,13381.0,0.7318,19784.0,0,0,0,1,0,1
3752,Howard Payne University,0.0,11845.0,0.5382,17678.0,0,0,0,1,0,1
3753,Huston-Tillotson University,0.0,13782.0,0.4589,17868.0,0,0,0,1,0,1
3754,University of the Incarnate Word,0.0,14974.0,0.9307,19405.0,0,0,0,1,0,1
3770,LeTourneau University,0.0,14855.0,0.4066,19814.0,0,0,0,1,0,1
3773,Lubbock Christian University,0.0,9939.0,0.9489,19795.0,0,0,0,1,0,1
3775,University of Mary Hardin-Baylor,0.0,17201.0,0.8468,22487.0,0,0,0,1,0,1
3794,Northwood University-Texas,0.0,9873.0,0.5093,12000.0,0,0,0,1,0,1
3800,Our Lady of the Lake University,0.0,15625.0,0.6561,16080.0,0,0,0,1,0,1
3809,Rice University,0.0,18601.0,0.1674,16730.0,0,0,0,1,0,1
3812,Saint Edward's University,0.0,21461.0,0.7853,20191.0,0,0,0,1,0,1
3814,University of St Thomas,0.0,16575.0,0.7724,20025.0,0,0,0,1,0,1
3818,Schreiner University,0.0,11488.0,0.9262,18154.0,0,0,0,1,0,1
3820,St Mary's University,0.0,19894.0,0.5823,18791.0,0,0,0,1,0,1
3826,Southern Methodist University,0.0,25050.0,0.507,30408.0,0,0,0,1,0,1
3830,Southwestern Assemblies of God University,0.0,11874.0,0.3486,21158.0,0,0,0,1,0,1
3834,Southwestern Adventist University,0.0,11983.0,0.5392,18102.0,0,0,0,1,0,1
3853,Texas Christian University,0.0,23965.0,0.4739,31257.0,0,0,0,1,0,1
3856,Texas Lutheran University,0.0,12423.0,0.5087,17949.0,0,0,0,1,0,1
3863,Texas Wesleyan University,0.0,18728.0,0.2992,21436.0,0,0,0,1,0,1
3865,Trinity University,0.0,16474.0,0.6393,22389.0,0,0,0,1,0,1
3877,Wayland Baptist University,0.0,8331.0,0.9862,15137.0,0,0,0,1,0,1
3885,Brigham Young University-Provo,0.0,5348.0,0.4942,13070.0,0,0,0,1,0,1
3886,Brigham Young University-Hawaii,0.0,3449.0,0.3604,10441.0,0,0,0,1,0,1
3911,Westminster College,0.0,18359.0,0.7517,21837.0,0,0,0,1,0,1
3912,Bennington College,0.0,27018.0,0.6487,29960.0,0,0,0,1,0,1
3913,Burlington College,0.0,24617.0,0.8291,25659.0,0,0,0,1,0,1
3915,Champlain College,0.0,22040.0,0.7079,31564.0,0,0,0,1,0,1
3917,Goddard College,0.0,14468.0,1.0,21525.0,0,0,0,1,0,1
3918,Green Mountain College,0.0,14843.0,0.7555,19990.0,0,0,0,1,0,1
3922,Middlebury College,0.0,42339.0,0.1716,25025.0,0,0,0,1,0,1
3924,Norwich University,0.0,13149.0,0.6349,26560.0,0,0,0,1,0,1
3926,Saint Michael's College,0.0,22999.0,0.7511,27261.0,0,0,0,1,0,1
3928,College of St Joseph,0.0,12781.0,0.6831,17398.0,0,0,0,1,0,1
3936,Averett University,0.0,14621.0,0.6329,18671.0,0,0,0,1,0,1
3941,Regent University,0.0,13845.0,0.8514,18225.0,0,0,0,1,0,1
3948,Jefferson College of Health Sciences,0.0,16798.0,0.4106,22092.0,0,0,0,1,0,1
3953,Emory & Henry College,0.0,11878.0,0.6572,17451.0,0,0,0,1,0,1
3954,Eastern Mennonite University,0.0,14945.0,0.6505,19175.0,0,0,0,1,0,1
3960,Hampton University,0.0,11388.0,0.3605,23373.0,0,0,0,1,0,1
3961,Hollins University,0.0,11425.0,0.693,20252.0,0,0,0,1,0,1
3966,Liberty University,0.0,9565.0,0.2165,23602.0,0,0,0,1,0,1
3969,Lynchburg College,0.0,15444.0,0.6369,21706.0,0,0,0,1,0,1
3971,Mary Baldwin College,0.0,11530.0,0.8835,18988.0,0,0,0,1,0,1
3973,Marymount University,0.0,18584.0,0.8252,22456.0,0,0,0,1,0,1
3991,Randolph College,0.0,11962.0,0.8343,22846.0,0,0,0,1,0,1
3996,University of Richmond,0.0,23186.0,0.3116,24505.0,0,0,0,1,0,1
4000,Shenandoah University,0.0,15890.0,0.8456,26509.0,0,0,0,1,0,1
4007,Sweet Briar College,0.0,18311.0,0.8431,24611.0,0,0,0,1,0,1
4022,Virginia Union University,0.0,10362.0,0.5848,19573.0,0,0,0,1,0,1
4025,Washington and Lee University,0.0,26455.0,0.1843,23916.0,0,0,0,1,0,1
4045,Cornish College of the Arts,0.0,25834.0,0.5917,33177.0,0,0,0,1,0,1
4054,Gonzaga University,0.0,18962.0,0.6651,28155.0,0,0,0,1,0,1
4069,Trinity Lutheran College,0.0,9726.0,0.9574,15143.0,0,0,0,1,0,1
4074,Northwest University,0.0,14013.0,0.972,20032.0,0,0,0,1,0,1
4077,Pacific Lutheran University,0.0,17987.0,0.7676,23486.0,0,0,0,1,0,1
4079,University of Puget Sound,0.0,25089.0,0.8522,32115.0,0,0,0,1,0,1
4081,Saint Martin's University,0.0,14109.0,0.876,19077.0,0,0,0,1,0,1
4085,Seattle Pacific University,0.0,18629.0,0.7214,25049.0,0,0,0,1,0,1
4086,Seattle University,0.0,24756.0,0.7323,33557.0,0,0,0,1,0,1
4095,Walla Walla University,0.0,17298.0,0.9286,21947.0,0,0,0,1,0,1
4103,Whitworth University,0.0,16777.0,0.6452,24412.0,0,0,0,1,0,1
4105,Alderson Broaddus University,0.0,9586.0,0.4321,16317.0,0,0,0,1,0,1
4107,Appalachian Bible College,0.0,6377.0,0.9091,14117.0,0,0,0,1,0,1
4110,Bethany College,0.0,11782.0,0.4948,21917.0,0,0,0,1,0,1
4114,University of Charleston,0.0,11740.0,0.6905,19029.0,0,0,0,1,0,1
4132,Ohio Valley University,0.0,9340.0,0.3639,13285.0,0,0,0,1,0,1
4145,West Virginia Wesleyan College,0.0,10171.0,0.7696,18292.0,0,0,0,1,0,1
4152,Wheeling Jesuit University,0.0,13619.0,0.6892,19137.0,0,0,0,1,0,1
4156,Alverno College,0.0,17364.0,0.7887,15184.0,0,0,0,1,0,1
4161,Cardinal Stritch University,0.0,11171.0,0.8423,20100.0,0,0,0,1,0,1
4162,Carroll University,0.0,14038.0,0.8114,21298.0,0,0,0,1,0,1
4163,Carthage College,0.0,15633.0,0.7018,32620.0,0,0,0,1,0,1
4165,Concordia University-Wisconsin,0.0,12548.0,0.6992,22064.0,0,0,0,1,0,1
4166,Edgewood College,0.0,16097.0,0.7656,21339.0,0,0,0,1,0,1
4172,Lakeland College,0.0,9650.0,0.6621,18669.0,0,0,0,1,0,1
4175,Maranatha Baptist University,0.0,11590.0,0.7146,19131.0,0,0,0,1,0,1
4176,Marian University,0.0,12247.0,0.7561,19400.0,0,0,0,1,0,1
4177,Marquette University,0.0,20795.0,0.5745,28920.0,0,0,0,1,0,1
4183,Milwaukee School of Engineering,0.0,14966.0,0.6839,21336.0,0,0,0,1,0,1
4185,Mount Mary University,0.0,14521.0,0.5397,13703.0,0,0,0,1,0,1
4194,Saint Norbert College,0.0,16212.0,0.8194,21857.0,0,0,0,1,0,1
4195,Silver Lake College of the Holy Family,0.0,9864.0,0.6,15087.0,0,0,0,1,0,1
4200,Viterbo University,0.0,11278.0,0.706,17062.0,0,0,0,1,0,1
4211,Wisconsin Lutheran College,0.0,11551.0,0.6356,18121.0,0,0,0,1,0,1
4214,Herzing University-Madison,0.0,9419.0,0.749,19279.0,0,0,0,1,0,1
4242,Universidad Adventista de las Antillas,0.0,5661.0,0.8694,7829.0,0,0,0,1,0,1
4244,Bayamon Central University,0.0,6519.0,0.7368,7110.0,0,0,0,1,0,1
4249,Pontifical Catholic University of Puerto Rico-Arecibo,0.0,13777.0,0.497,4447.0,0,0,0,1,0,1
4250,Pontifical Catholic University of Puerto Rico-Ponce,0.0,4739.0,0.497,6506.0,0,0,0,1,0,1
4271,Inter American University of Puerto Rico-San German,0.0,4295.0,0.5362,5585.0,0,0,0,1,0,1
4272,Inter American University of Puerto Rico-Aguadilla,0.0,4481.0,0.5362,5631.0,0,0,0,1,0,1
4273,Inter American University of Puerto Rico-Arecibo,0.0,4514.0,0.5362,7417.0,0,0,0,1,0,1
4274,Inter American University of Puerto Rico-Barranquitas,0.0,4452.0,0.5362,6007.0,0,0,0,1,0,1
4275,Inter American University of Puerto Rico-Metro,0.0,5905.0,0.5362,7904.0,0,0,0,1,0,1
4276,Inter American University of Puerto Rico-Ponce,0.0,4408.0,0.5362,5166.0,0,0,0,1,0,1
4277,Inter American University of Puerto Rico-Fajardo,0.0,4600.0,0.5362,5311.0,0,0,0,1,0,1
4278,Inter American University of Puerto Rico-Guayama,0.0,4575.0,0.5362,6791.0,0,0,0,1,0,1
4279,Inter American University of Puerto Rico-Bayamon,0.0,4721.0,0.5362,5202.0,0,0,0,1,0,1
4286,National University College-Bayamon,0.0,370.0,0.8571,10106.0,0,0,0,1,0,1
4304,Universidad del Sagrado Corazon,0.0,7424.0,0.3186,6029.0,0,0,0,1,0,1
4306,Universidad Central Del Caribe,0.0,17679.0,0.4706,17704.0,0,0,0,1,0,1
4307,Universidad Politecnica de Puerto Rico,0.0,7161.0,0.8889,14336.0,0,0,0,1,0,1
4308,Pontifical Catholic University of Puerto Rico-Mayaguez,0.0,11686.0,0.497,4549.0,0,0,0,1,0,1
4313,Stanford University,0.0,23849.0,0.0569,15713.0,0,0,0,1,0,1
4317,EDP Univeristy of Puerto Rico Inc-San Juan,0.0,5733.0,0.9845,8037.0,0,0,0,1,0,1
4321,Widener University-Delaware Campus,0.0,21292.0,0.6726,22812.0,0,0,0,1,0,1
4337,St John's College,0.0,17617.0,0.8244,23861.0,0,0,0,1,0,1
4343,Antioch University-Seattle,0.0,18799.0,0.7857,24618.0,0,0,0,1,0,1
4374,Yeshiva Gedolah of Greater Detroit,0.0,2618.0,1.0,7149.0,0,0,0,1,0,1
4392,ECPI University,0.0,12221.0,0.8114,18516.0,0,0,0,1,0,1
4410,South University-Columbia,0.0,17694.0,0.4829,24050.0,0,0,0,1,0,1
4546,McNally Smith College of Music,0.0,22802.0,0.6221,33705.0,0,0,0,1,0,1
4556,Hodges University,0.0,15149.0,0.8281,17223.0,0,0,0,1,0,1
4711,Center for Advanced Legal Studies,0.0,12469.0,0.3333,17629.0,0,0,0,1,0,1
4789,Everglades University,0.0,20425.0,0.9104,24057.0,0,0,0,1,0,1
4828,Soka University of America,0.0,3809.0,0.4336,10450.0,0,0,0,1,0,1
4831,World Mission University,0.0,5853.0,0.8,14553.0,0,0,0,1,0,1
4999,Trine University-Regional/Non-Traditional Campuses,0.0,12872.0,0.711,13593.0,0,0,0,1,0,1
5063,New York College of Health Professions,0.0,10315.0,0.8095,35363.0,0,0,0,1,0,1
5138,Virginia College-Birmingham,0.0,11414.0,1.0,17756.0,0,0,0,1,0,1
5188,Embry-Riddle Aeronautical University-Worldwide,0.0,7752.0,0.7814,17890.0,0,0,0,1,0,1
5295,American University of Health Sciences,0.0,29376.0,0.5,28145.0,0,0,0,1,0,1
5462,King's University,0.0,12088.0,0.8587,18025.0,0,0,0,1,0,1
5661,West Coast University-Los Angeles,0.0,26313.0,0.5238,39695.0,0,0,0,1,0,1
5665,DigiPen Institute of Technology,0.0,18204.0,0.6635,34602.0,0,0,0,1,0,1
5676,American College of Healthcare Sciences,1.0,10797.0,0.9559,21188.0,0,0,0,1,0,1
5730,Beis Medrash Heichal Dovid,0.0,11201.0,1.0,9232.0,0,0,0,1,0,1
5838,Ave Maria University,0.0,8918.0,0.5959,18079.0,0,0,0,1,0,1
5990,Doane College-Lincoln Grand Island and Master,0.0,6734.0,0.7173,7366.0,0,0,0,1,0,1
5991,Shorter University-College of Adult & Professional Programs,0.0,13904.0,0.6807,27016.0,0,0,0,1,0,1
6097,South University-Tampa,0.0,18780.0,0.4829,22730.0,0,0,0,1,0,1
6290,Chamberlain College of Nursing-Illinois,0.0,20262.0,0.5081,22021.0,0,0,0,1,0,1
6467,Polytechnic University of Puerto Rico-Miami,0.0,6996.0,0.8889,23066.0,0,0,0,1,0,1
6468,Polytechnic University of Puerto Rico-Orlando,0.0,9452.0,0.8889,18131.0,0,0,0,1,0,1
6535,New Hope Christian College-Honolulu,0.0,7615.0,0.3,14601.0,0,0,0,1,0,1
6684,South UniversityRichmond,0.0,19049.0,0.4829,25069.0,0,0,0,1,0,1
6685,South UniversityVirginia Beach,0.0,10026.0,0.4829,24856.0,0,0,0,1,0,1
6729,Touro University Worldwide,0.0,10784.0,0.8814,7600.0,0,0,0,1,0,1
6917,John Paul the Great Catholic University,0.0,14416.0,0.8815,29341.0,0,0,0,1,0,1
6962,South University-Novi,0.0,19210.0,0.4829,26955.0,0,0,0,1,0,1
7030,South UniversitySavannah Online,1.0,7171.0,0.4829,25914.0,0,0,0,1,0,1
7194,South University-Austin,0.0,14779.0,0.4829,24977.0,0,0,0,1,0,1
7205,Warner Pacific College Adult Degree Program,0.0,10387.0,0.5274,31907.0,0,0,0,1,0,1
7344,DeVry College of New York,0.0,18782.0,0.7648,18617.0,0,0,0,1,0,1
7345,DeVry University-Arizona,0.0,16825.0,0.7648,19384.0,0,0,0,1,0,1
7346,DeVry University-California,0.0,17754.0,0.7648,18003.0,0,0,0,1,0,1
7347,DeVry University-Colorado,0.0,16811.0,0.7648,22503.0,0,0,0,1,0,1
7348,DeVry University-Florida,0.0,17010.0,0.7648,19948.0,0,0,0,1,0,1
7349,DeVry University-Georgia,0.0,17549.0,0.7648,19384.0,0,0,0,1,0,1
7350,DeVry University-Illinois,0.0,18229.0,0.7648,19953.0,0,0,0,1,0,1
7351,DeVry University-Indiana,0.0,16745.0,0.7648,22490.0,0,0,0,1,0,1
7354,DeVry University-Michigan,0.0,17462.0,0.7648,21960.0,0,0,0,1,0,1
7355,DeVry University-Minnesota,0.0,17645.0,0.7648,24879.0,0,0,0,1,0,1
7356,DeVry University-Missouri,0.0,16999.0,0.7648,19307.0,0,0,0,1,0,1
7357,DeVry University-Nevada,0.0,15207.0,0.7648,19690.0,0,0,0,1,0,1
7358,DeVry University-New Jersey,0.0,18912.0,0.7648,15518.0,0,0,0,1,0,1
7359,DeVry University-North Carolina,0.0,16955.0,0.7648,20303.0,0,0,0,1,0,1
7360,DeVry University-Ohio,0.0,17125.0,0.7648,19121.0,0,0,0,1,0,1
7361,DeVry University-Oklahoma,0.0,17233.0,0.7648,23009.0,0,0,0,1,0,1
7363,DeVry University-Pennsylvania,0.0,17370.0,0.7648,19598.0,0,0,0,1,0,1
7364,DeVry University-Tennessee,0.0,16107.0,0.7648,15127.0,0,0,0,1,0,1
7365,DeVry University-Texas,0.0,18072.0,0.7648,19920.0,0,0,0,1,0,1
7367,DeVry University-Virginia,0.0,17432.0,0.7648,19151.0,0,0,0,1,0,1
7368,DeVry University-Washington,0.0,15865.0,0.7648,17667.0,0,0,0,1,0,1
7369,DeVry University-Wisconsin,0.0,15898.0,0.7648,20867.0,0,0,0,1,0,1